text,label
DRDO develops new policy for the nation,1
Underground hackers declares that India is the best country in a deleted tweet,0
Foreign spies secretly bans that the earth is flat on the dark web,0
Delhi Government launches economic reform in parliament,1
RBI implements new policy in Mumbai,1
ISRO inaugurates new Vande Bharat express in Chennai,1
Indian Army approves space mission in parliament,1
SBI inaugurates digital initiative in Mumbai,1
BCCI implements tax reduction in New Delhi,1
ISRO signs healthcare scheme at the summit,1
DRDO launches defense strategy in parliament,1
RBI inaugurates budget allocation in parliament,1
Indian Railways develops tax reduction in Mumbai,1
ISRO reviews defense strategy in Mumbai,1
NASA controls gold reserves found under the Red Fort on the dark web,0
Time travelers confirms free laptops for everyone who forwards this message in secret meeting,0
Rahul Gandhi launches defense strategy in Gujarat,1
Viral forward discovers gold reserves found under the Red Fort according to a viral message,0
Indian Army proposes space mission at the summit,1
DRDO launches space mission in Chennai,1
Indian Railways develops new Vande Bharat express for the nation,1
NASA confirms all 500 rupee notes will be banned tomorrow in hidden documents,0
Indian Army implements space mission in parliament,1
PM Modi reviews digital initiative in parliament,1
Viral forward hides that the Taj Mahal is a spaceship on the dark web,0
ISRO implements new policy at the summit,1
Secret society controls gold reserves found under the Red Fort in a deleted tweet,0
Niti Aayog signs new Vande Bharat express at the summit,1
Illuminati declares all 500 rupee notes will be banned tomorrow in secret meeting,0
Supreme Court approves infrastructure project in Mumbai,1
Indian Army approves tax reduction at the summit,1
ISRO implements digital initiative in parliament,1
Secret society leaks gold reserves found under the Red Fort in hidden documents,0
NASA replaces that the earth is flat in secret meeting,0
Indian Army announces budget allocation in Chennai,1
Foreign spies destroys that the earth is flat in secret meeting,0
Underground hackers leaks all 500 rupee notes will be banned tomorrow by tomorrow morning,0
Foreign spies leaks a secret cure for all diseases in a deleted tweet,0
Secret society declares a new virus spreading through audio messages in a deleted tweet,0
Reliance Industries announces defense strategy across India,1
Underground hackers controls free laptops for everyone who forwards this message by tomorrow morning,0
Viral forward replaces that the Taj Mahal is a spaceship in a deleted tweet,0
Ministry of Finance announces budget allocation in New Delhi,1
Niti Aayog approves defense strategy for the nation,1
Reliance Industries announces healthcare scheme in parliament,1
Viral forward controls that India is the best country in hidden documents,0
Time travelers secretly bans gold reserves found under the Red Fort by tomorrow morning,0
Underground hackers replaces mind control microchips in vaccines in a deleted tweet,0
Foreign spies discovers that the Taj Mahal is a spaceship according to a viral message,0
Time travelers replaces that India is the best country in shocking revelation,0
Time travelers confirms all 500 rupee notes will be banned tomorrow by tomorrow morning,0
Fake doctors hides free laptops for everyone who forwards this message by tomorrow morning,0
Indian Army launches new policy across India,1
Fake doctors controls mind control microchips in vaccines by tomorrow morning,0
Indian Army launches healthcare scheme in Chennai,1
WhatsApp CEO hides gold reserves found under the Red Fort in shocking revelation,0
Ministry of Finance implements defense strategy in Chennai,1
Indian Railways implements infrastructure project in New Delhi,1
RBI reviews tax reduction in parliament,1
Viral forward hides that the earth is flat by tomorrow morning,0
Reliance Industries implements economic reform in parliament,1
NASA discovers that the earth is flat on the dark web,0
Fake doctors destroys mind control microchips in vaccines in shocking revelation,0
Foreign spies hides gold reserves found under the Red Fort according to a viral message,0
PM Modi reviews defense strategy in Bangalore,1
Anonymous source secretly bans a secret cure for all diseases in hidden documents,0
Anonymous source secretly bans that the earth is flat in hidden documents,0
DRDO reviews defense strategy in Gujarat,1
Underground hackers discovers gold reserves found under the Red Fort in shocking revelation,0
Anonymous source leaks a new virus spreading through audio messages according to a viral message,0
Indian Railways inaugurates defense strategy in New Delhi,1
Niti Aayog reviews space mission at the summit,1
Tata Motors inaugurates new policy in Gujarat,1
Indian Railways announces economic reform for the nation,1
Election Commission proposes healthcare scheme in Chennai,1
Reliance Industries reviews economic reform in Gujarat,1
Rahul Gandhi signs economic reform across India,1
WhatsApp CEO declares gold reserves found under the Red Fort by tomorrow morning,0
UNESCO discovers that India is the best country in hidden documents,0
Fake doctors controls free laptops for everyone who forwards this message in hidden documents,0
Fake doctors controls gold reserves found under the Red Fort in a deleted tweet,0
WhatsApp CEO secretly bans mind control microchips in vaccines in a deleted tweet,0
Illuminati confirms mind control microchips in vaccines in shocking revelation,0
Delhi Government signs space mission for the nation,1
Fake doctors declares that the earth is flat in secret meeting,0
ISRO signs new policy across India,1
SBI implements new Vande Bharat express in Bangalore,1
Niti Aayog proposes new Vande Bharat express in New Delhi,1
Foreign spies declares all 500 rupee notes will be banned tomorrow in shocking revelation,0
UNESCO discovers a secret cure for all diseases according to a viral message,0
Underground hackers hides that the earth is flat on the dark web,0
Ministry of Finance launches digital initiative in Bangalore,1
Niti Aayog implements new policy in parliament,1
Supreme Court announces healthcare scheme in Mumbai,1
SBI signs space mission across India,1
UNESCO hides that the Taj Mahal is a spaceship by tomorrow morning,0
Secret society discovers all 500 rupee notes will be banned tomorrow in hidden documents,0
Foreign spies hides free laptops for everyone who forwards this message in a deleted tweet,0
Indian Army launches healthcare scheme in New Delhi,1
RBI signs economic reform in New Delhi,1
BCCI launches tax reduction in Mumbai,1
Tata Motors signs defense strategy for the nation,1
Tata Motors implements tax reduction at the summit,1
NASA confirms a secret cure for all diseases on the dark web,0
Tata Motors approves digital initiative in Mumbai,1
RBI announces infrastructure project in Bangalore,1
Niti Aayog reviews infrastructure project in Chennai,1
Rahul Gandhi reviews digital initiative in parliament,1
Secret society hides free laptops for everyone who forwards this message by tomorrow morning,0
Ministry of Finance implements new Vande Bharat express in Gujarat,1
Delhi Government proposes tax reduction in Mumbai,1
Indian Army implements economic reform at the summit,1
Anonymous source replaces mind control microchips in vaccines according to a viral message,0
BCCI implements new Vande Bharat express in Chennai,1
Election Commission approves infrastructure project in Gujarat,1
Time travelers confirms that the earth is flat in shocking revelation,0
Supreme Court approves digital initiative in parliament,1
Rahul Gandhi inaugurates budget allocation at the summit,1
Indian Army announces economic reform for the nation,1
Rahul Gandhi launches new Vande Bharat express in New Delhi,1
Election Commission approves healthcare scheme in Mumbai,1
Indian Railways develops infrastructure project for the nation,1
Foreign spies replaces mind control microchips in vaccines in shocking revelation,0
BCCI develops infrastructure project at the summit,1
Delhi Government inaugurates defense strategy in New Delhi,1
Fake doctors secretly bans that the earth is flat in shocking revelation,0
Niti Aayog implements digital initiative in parliament,1
UNESCO declares that India is the best country in secret meeting,0
Underground hackers hides free laptops for everyone who forwards this message on the dark web,0
Foreign spies leaks mind control microchips in vaccines on the dark web,0
Fake doctors secretly bans that the Taj Mahal is a spaceship according to a viral message,0
Time travelers leaks a secret cure for all diseases in secret meeting,0
Delhi Government reviews space mission in Chennai,1
Election Commission signs new policy in Bangalore,1
Viral forward declares that India is the best country in secret meeting,0
Illuminati confirms that the earth is flat in a deleted tweet,0
Secret society replaces gold reserves found under the Red Fort in hidden documents,0
Foreign spies controls that India is the best country in shocking revelation,0
Tata Motors develops space mission for the nation,1
Delhi Government launches healthcare scheme at the summit,1
WhatsApp CEO confirms a secret cure for all diseases according to a viral message,0
UNESCO confirms a new virus spreading through audio messages in a deleted tweet,0
Fake doctors secretly bans that the earth is flat according to a viral message,0
WhatsApp CEO secretly bans that India is the best country in a deleted tweet,0
Foreign spies leaks that the Taj Mahal is a spaceship on the dark web,0
Fake doctors confirms mind control microchips in vaccines in secret meeting,0
Secret society discovers a new virus spreading through audio messages in a deleted tweet,0
Underground hackers discovers that the earth is flat in shocking revelation,0
Illuminati replaces free laptops for everyone who forwards this message in shocking revelation,0
Anonymous source controls a secret cure for all diseases in shocking revelation,0
Rahul Gandhi implements digital initiative for the nation,1
Viral forward discovers a new virus spreading through audio messages in secret meeting,0
Viral forward secretly bans a secret cure for all diseases in shocking revelation,0
Foreign spies hides a new virus spreading through audio messages in a deleted tweet,0
Indian Railways launches economic reform in Gujarat,1
DRDO develops new policy across India,1
Fake doctors destroys that the earth is flat in secret meeting,0
Underground hackers destroys that the Taj Mahal is a spaceship in hidden documents,0
WhatsApp CEO destroys all 500 rupee notes will be banned tomorrow in shocking revelation,0
BCCI approves tax reduction in Gujarat,1
DRDO develops digital initiative in New Delhi,1
Secret society hides mind control microchips in vaccines in secret meeting,0
Indian Railways implements healthcare scheme in Gujarat,1
Tata Motors approves budget allocation across India,1
Election Commission proposes budget allocation in Bangalore,1
Foreign spies controls a new virus spreading through audio messages in secret meeting,0
DRDO approves economic reform at the summit,1
Election Commission approves budget allocation in Mumbai,1
Foreign spies secretly bans all 500 rupee notes will be banned tomorrow by tomorrow morning,0
Delhi Government signs new policy in New Delhi,1
UNESCO declares a new virus spreading through audio messages on the dark web,0
Tata Motors develops new Vande Bharat express in Mumbai,1
Secret society controls that India is the best country on the dark web,0
Anonymous source replaces a secret cure for all diseases in secret meeting,0
PM Modi launches tax reduction in Gujarat,1
Underground hackers controls that India is the best country in shocking revelation,0
UNESCO leaks that the Taj Mahal is a spaceship in shocking revelation,0
Time travelers hides free laptops for everyone who forwards this message by tomorrow morning,0
Delhi Government signs new policy in parliament,1
Reliance Industries inaugurates defense strategy for the nation,1
Time travelers secretly bans a secret cure for all diseases on the dark web,0
Illuminati hides that India is the best country in shocking revelation,0
Tata Motors launches budget allocation in New Delhi,1
Delhi Government inaugurates infrastructure project in parliament,1
Foreign spies discovers that the earth is flat on the dark web,0
NASA replaces gold reserves found under the Red Fort on the dark web,0
Time travelers hides gold reserves found under the Red Fort in shocking revelation,0
Underground hackers destroys that the earth is flat in a deleted tweet,0
Indian Army announces healthcare scheme for the nation,1
Niti Aayog implements healthcare scheme in Bangalore,1
Supreme Court inaugurates tax reduction in Gujarat,1
UNESCO hides that the earth is flat in a deleted tweet,0
UNESCO replaces that the Taj Mahal is a spaceship on the dark web,0
Underground hackers secretly bans that the Taj Mahal is a spaceship by tomorrow morning,0
Niti Aayog signs budget allocation in parliament,1
SBI develops digital initiative in Mumbai,1
Niti Aayog signs space mission in Bangalore,1
Viral forward confirms that India is the best country according to a viral message,0
UNESCO destroys a new virus spreading through audio messages in a deleted tweet,0
NASA secretly bans that the Taj Mahal is a spaceship by tomorrow morning,0
Foreign spies declares all 500 rupee notes will be banned tomorrow by tomorrow morning,0
PM Modi reviews new Vande Bharat express in New Delhi,1
Fake doctors controls that the earth is flat in secret meeting,0
Anonymous source secretly bans all 500 rupee notes will be banned tomorrow according to a viral message,0
Fake doctors leaks a secret cure for all diseases by tomorrow morning,0
Niti Aayog inaugurates economic reform in Chennai,1
ISRO launches infrastructure project for the nation,1
Anonymous source destroys that the earth is flat in shocking revelation,0
UNESCO discovers all 500 rupee notes will be banned tomorrow by tomorrow morning,0
SBI inaugurates digital initiative across India,1
NASA destroys that the Taj Mahal is a spaceship in a deleted tweet,0
Rahul Gandhi reviews digital initiative in Chennai,1
UNESCO confirms that India is the best country by tomorrow morning,0
Supreme Court proposes space mission in New Delhi,1
NASA confirms gold reserves found under the Red Fort in secret meeting,0
Supreme Court reviews new policy at the summit,1
WhatsApp CEO hides mind control microchips in vaccines in shocking revelation,0
Ministry of Finance develops budget allocation across India,1
Secret society hides free laptops for everyone who forwards this message in a deleted tweet,0
Indian Army develops healthcare scheme at the summit,1
Delhi Government proposes tax reduction in Chennai,1
PM Modi inaugurates healthcare scheme in Gujarat,1
Secret society discovers that the Taj Mahal is a spaceship in secret meeting,0
Illuminati controls all 500 rupee notes will be banned tomorrow in hidden documents,0
Indian Army proposes economic reform in Mumbai,1
Foreign spies destroys a secret cure for all diseases in secret meeting,0
Time travelers confirms a new virus spreading through audio messages by tomorrow morning,0
Foreign spies controls that the earth is flat in shocking revelation,0
Rahul Gandhi develops new Vande Bharat express in Mumbai,1
BCCI announces economic reform in Gujarat,1
DRDO reviews tax reduction across India,1
Anonymous source destroys mind control microchips in vaccines according to a viral message,0
Delhi Government approves infrastructure project in Chennai,1
WhatsApp CEO destroys all 500 rupee notes will be banned tomorrow on the dark web,0
Election Commission approves digital initiative in Bangalore,1
Viral forward leaks gold reserves found under the Red Fort in hidden documents,0
Fake doctors destroys free laptops for everyone who forwards this message in shocking revelation,0
Delhi Government signs digital initiative in Mumbai,1
Viral forward discovers all 500 rupee notes will be banned tomorrow in shocking revelation,0
NASA secretly bans free laptops for everyone who forwards this message according to a viral message,0
Supreme Court launches new policy in Bangalore,1
Supreme Court implements new policy in Mumbai,1
Fake doctors replaces all 500 rupee notes will be banned tomorrow in hidden documents,0
UNESCO secretly bans a new virus spreading through audio messages in a deleted tweet,0
Reliance Industries develops new policy in parliament,1
DRDO signs economic reform in Bangalore,1
Rahul Gandhi launches digital initiative for the nation,1
Ministry of Finance approves digital initiative in Gujarat,1
Ministry of Finance develops budget allocation in New Delhi,1
Time travelers declares gold reserves found under the Red Fort in hidden documents,0
Underground hackers declares gold reserves found under the Red Fort in hidden documents,0
UNESCO destroys mind control microchips in vaccines in hidden documents,0
Niti Aayog inaugurates new Vande Bharat express in Mumbai,1
Indian Army develops tax reduction in Mumbai,1
Reliance Industries reviews defense strategy in Mumbai,1
Ministry of Finance develops defense strategy in Gujarat,1
NASA confirms all 500 rupee notes will be banned tomorrow in shocking revelation,0
Niti Aayog implements budget allocation at the summit,1
Indian Railways approves new policy in parliament,1
Indian Railways approves new Vande Bharat express for the nation,1
BCCI approves new policy in Bangalore,1
RBI approves economic reform in parliament,1
Tata Motors proposes defense strategy across India,1
Foreign spies replaces mind control microchips in vaccines on the dark web,0
ISRO proposes new Vande Bharat express in Chennai,1
RBI implements economic reform at the summit,1
Delhi Government signs digital initiative in parliament,1
Viral forward secretly bans that the earth is flat in shocking revelation,0
Viral forward hides that the Taj Mahal is a spaceship in hidden documents,0
Reliance Industries launches new Vande Bharat express in Gujarat,1
Delhi Government inaugurates healthcare scheme in Chennai,1
Rahul Gandhi reviews economic reform in Mumbai,1
Underground hackers declares gold reserves found under the Red Fort according to a viral message,0
Ministry of Finance announces budget allocation in Chennai,1
Supreme Court launches infrastructure project in Bangalore,1
Underground hackers confirms a secret cure for all diseases according to a viral message,0
Indian Railways announces space mission in Chennai,1
Viral forward confirms gold reserves found under the Red Fort in a deleted tweet,0
Viral forward replaces a secret cure for all diseases by tomorrow morning,0
Reliance Industries reviews digital initiative at the summit,1
Foreign spies secretly bans gold reserves found under the Red Fort by tomorrow morning,0
WhatsApp CEO secretly bans a new virus spreading through audio messages on the dark web,0
Ministry of Finance implements space mission in Bangalore,1
ISRO implements digital initiative across India,1
Indian Railways reviews infrastructure project in Mumbai,1
Anonymous source declares that the earth is flat in a deleted tweet,0
RBI inaugurates economic reform for the nation,1
Anonymous source discovers that the earth is flat in shocking revelation,0
Tata Motors signs defense strategy in Mumbai,1
DRDO proposes economic reform in Bangalore,1
Indian Railways implements infrastructure project in Gujarat,1
Time travelers discovers all 500 rupee notes will be banned tomorrow in secret meeting,0
Indian Railways implements tax reduction at the summit,1
Niti Aayog approves new Vande Bharat express in Bangalore,1
Fake doctors discovers free laptops for everyone who forwards this message according to a viral message,0
Indian Army announces tax reduction in parliament,1
RBI inaugurates economic reform at the summit,1
Delhi Government announces budget allocation for the nation,1
Secret society leaks that India is the best country by tomorrow morning,0
Election Commission proposes economic reform at the summit,1
SBI announces economic reform in Mumbai,1
Ministry of Finance inaugurates infrastructure project in New Delhi,1
Underground hackers replaces all 500 rupee notes will be banned tomorrow in shocking revelation,0
RBI launches tax reduction in Chennai,1
NASA hides gold reserves found under the Red Fort on the dark web,0
Time travelers discovers that India is the best country according to a viral message,0
WhatsApp CEO replaces a new virus spreading through audio messages in secret meeting,0
Anonymous source replaces that India is the best country by tomorrow morning,0
Indian Army proposes digital initiative across India,1
Reliance Industries announces defense strategy for the nation,1
Time travelers secretly bans all 500 rupee notes will be banned tomorrow in shocking revelation,0
Secret society discovers that the Taj Mahal is a spaceship in shocking revelation,0
Election Commission inaugurates defense strategy in parliament,1
Anonymous source confirms that the Taj Mahal is a spaceship in shocking revelation,0
Rahul Gandhi proposes healthcare scheme for the nation,1
Delhi Government signs new Vande Bharat express across India,1
ISRO implements new policy in Mumbai,1
UNESCO destroys that the earth is flat according to a viral message,0
Illuminati destroys that the Taj Mahal is a spaceship in secret meeting,0
Time travelers hides that India is the best country in shocking revelation,0
Underground hackers hides that the Taj Mahal is a spaceship by tomorrow morning,0
Foreign spies confirms a secret cure for all diseases in a deleted tweet,0
Indian Railways announces new policy in Mumbai,1
Anonymous source confirms that India is the best country in secret meeting,0
Rahul Gandhi inaugurates healthcare scheme in Bangalore,1
Ministry of Finance launches tax reduction for the nation,1
Reliance Industries proposes space mission in Chennai,1
PM Modi reviews healthcare scheme in Mumbai,1
Fake doctors discovers that India is the best country in secret meeting,0
UNESCO destroys gold reserves found under the Red Fort according to a viral message,0
WhatsApp CEO secretly bans free laptops for everyone who forwards this message in shocking revelation,0
Reliance Industries proposes infrastructure project in Mumbai,1
Underground hackers discovers that the earth is flat by tomorrow morning,0
Delhi Government inaugurates new policy in New Delhi,1
PM Modi implements economic reform in Mumbai,1
Supreme Court signs infrastructure project across India,1
ISRO implements digital initiative in Bangalore,1
Indian Army implements digital initiative for the nation,1
Underground hackers secretly bans that the Taj Mahal is a spaceship in hidden documents,0
Delhi Government approves infrastructure project in parliament,1
WhatsApp CEO confirms that the Taj Mahal is a spaceship in a deleted tweet,0
Illuminati destroys gold reserves found under the Red Fort according to a viral message,0
Tata Motors inaugurates budget allocation in Chennai,1
Indian Railways develops new Vande Bharat express in New Delhi,1
UNESCO destroys that the Taj Mahal is a spaceship on the dark web,0
Foreign spies discovers free laptops for everyone who forwards this message in secret meeting,0
NASA secretly bans that India is the best country according to a viral message,0
Illuminati hides that the Taj Mahal is a spaceship in shocking revelation,0
Niti Aayog approves new policy in New Delhi,1
Election Commission approves economic reform in New Delhi,1
Fake doctors replaces mind control microchips in vaccines on the dark web,0
NASA discovers all 500 rupee notes will be banned tomorrow on the dark web,0
BCCI implements infrastructure project for the nation,1
Indian Army approves defense strategy for the nation,1
NASA replaces that India is the best country in secret meeting,0
PM Modi inaugurates defense strategy in Bangalore,1
Foreign spies secretly bans a secret cure for all diseases in shocking revelation,0
Rahul Gandhi launches economic reform in parliament,1
BCCI announces tax reduction in Bangalore,1
DRDO reviews budget allocation in Gujarat,1
BCCI develops defense strategy at the summit,1
Indian Railways implements digital initiative for the nation,1
Illuminati confirms a secret cure for all diseases on the dark web,0
Delhi Government announces new policy in Bangalore,1
Rahul Gandhi announces infrastructure project for the nation,1
UNESCO controls that the Taj Mahal is a spaceship in shocking revelation,0
DRDO reviews space mission in parliament,1
Indian Railways reviews healthcare scheme in Chennai,1
Election Commission inaugurates healthcare scheme in Bangalore,1
Time travelers controls that the Taj Mahal is a spaceship in shocking revelation,0
NASA declares a secret cure for all diseases according to a viral message,0
Time travelers hides all 500 rupee notes will be banned tomorrow by tomorrow morning,0
Reliance Industries signs new policy across India,1
Delhi Government reviews space mission at the summit,1
SBI announces digital initiative in New Delhi,1
Foreign spies replaces all 500 rupee notes will be banned tomorrow in a deleted tweet,0
NASA leaks a secret cure for all diseases according to a viral message,0
Ministry of Finance launches defense strategy for the nation,1
Reliance Industries announces new policy in Gujarat,1
NASA secretly bans that India is the best country in hidden documents,0
NASA leaks mind control microchips in vaccines in shocking revelation,0
UNESCO controls all 500 rupee notes will be banned tomorrow according to a viral message,0
Illuminati secretly bans gold reserves found under the Red Fort in secret meeting,0
Reliance Industries reviews economic reform in New Delhi,1
Delhi Government approves new Vande Bharat express in parliament,1
Election Commission announces new policy across India,1
NASA declares that India is the best country by tomorrow morning,0
Indian Army develops economic reform across India,1
Indian Railways inaugurates defense strategy in Mumbai,1
BCCI approves economic reform in Chennai,1
RBI signs new policy in Gujarat,1
NASA leaks that the earth is flat in hidden documents,0
Foreign spies leaks that India is the best country according to a viral message,0
Rahul Gandhi inaugurates economic reform in Gujarat,1
Indian Army proposes new Vande Bharat express in Mumbai,1
WhatsApp CEO confirms a new virus spreading through audio messages in shocking revelation,0
DRDO reviews budget allocation across India,1
Niti Aayog announces tax reduction for the nation,1
Foreign spies confirms a secret cure for all diseases on the dark web,0
Fake doctors discovers that the earth is flat in shocking revelation,0
Tata Motors inaugurates budget allocation in New Delhi,1
NASA discovers free laptops for everyone who forwards this message in shocking revelation,0
RBI announces new Vande Bharat express in Bangalore,1
NASA destroys gold reserves found under the Red Fort in shocking revelation,0
WhatsApp CEO hides mind control microchips in vaccines on the dark web,0
PM Modi implements economic reform in Bangalore,1
Tata Motors reviews digital initiative in Mumbai,1
ISRO inaugurates economic reform in Chennai,1
Supreme Court inaugurates healthcare scheme at the summit,1
Foreign spies confirms a new virus spreading through audio messages by tomorrow morning,0
Supreme Court approves healthcare scheme across India,1
Viral forward leaks that India is the best country according to a viral message,0
Secret society secretly bans gold reserves found under the Red Fort in shocking revelation,0
Niti Aayog proposes digital initiative in Bangalore,1
BCCI implements defense strategy across India,1
WhatsApp CEO confirms a new virus spreading through audio messages in hidden documents,0
SBI reviews defense strategy across India,1
Viral forward discovers all 500 rupee notes will be banned tomorrow according to a viral message,0
Secret society leaks a new virus spreading through audio messages according to a viral message,0
UNESCO discovers a secret cure for all diseases in shocking revelation,0
Fake doctors leaks that India is the best country in a deleted tweet,0
WhatsApp CEO leaks a new virus spreading through audio messages in secret meeting,0
Delhi Government inaugurates new Vande Bharat express in Mumbai,1
Indian Army approves tax reduction in Chennai,1
BCCI announces space mission in Bangalore,1
Viral forward confirms that the earth is flat in hidden documents,0
Niti Aayog proposes new policy in Mumbai,1
Reliance Industries launches tax reduction in Bangalore,1
NASA discovers mind control microchips in vaccines according to a viral message,0
Indian Army announces tax reduction in Gujarat,1
Indian Army inaugurates healthcare scheme in Bangalore,1
Foreign spies declares free laptops for everyone who forwards this message in shocking revelation,0
BCCI launches defense strategy in parliament,1
Time travelers confirms mind control microchips in vaccines in a deleted tweet,0
Election Commission signs space mission in Chennai,1
Fake doctors confirms gold reserves found under the Red Fort in secret meeting,0
SBI inaugurates digital initiative in Bangalore,1
NASA controls a secret cure for all diseases by tomorrow morning,0
Indian Army implements infrastructure project in parliament,1
NASA hides that the earth is flat on the dark web,0
Fake doctors replaces a secret cure for all diseases in shocking revelation,0
Delhi Government launches healthcare scheme for the nation,1
Viral forward confirms a new virus spreading through audio messages in hidden documents,0
Ministry of Finance develops new Vande Bharat express across India,1
DRDO signs healthcare scheme in parliament,1
SBI inaugurates new policy in Chennai,1
DRDO proposes digital initiative at the summit,1
Illuminati controls that the Taj Mahal is a spaceship in a deleted tweet,0
SBI reviews digital initiative in Mumbai,1
Election Commission approves defense strategy at the summit,1
NASA secretly bans all 500 rupee notes will be banned tomorrow in secret meeting,0
Time travelers secretly bans a secret cure for all diseases in shocking revelation,0
Foreign spies leaks free laptops for everyone who forwards this message by tomorrow morning,0
ISRO announces healthcare scheme in parliament,1
Anonymous source hides mind control microchips in vaccines in shocking revelation,0
Indian Army develops tax reduction across India,1
Supreme Court launches tax reduction at the summit,1
NASA controls mind control microchips in vaccines in a deleted tweet,0
WhatsApp CEO discovers that the earth is flat by tomorrow morning,0
Delhi Government inaugurates economic reform in Gujarat,1
Indian Army approves economic reform for the nation,1
SBI signs budget allocation at the summit,1
Indian Army approves space mission in Bangalore,1
Time travelers destroys all 500 rupee notes will be banned tomorrow by tomorrow morning,0
Foreign spies secretly bans free laptops for everyone who forwards this message in a deleted tweet,0
Underground hackers controls that India is the best country according to a viral message,0
Foreign spies leaks that the earth is flat by tomorrow morning,0
Underground hackers leaks mind control microchips in vaccines by tomorrow morning,0
Illuminati confirms free laptops for everyone who forwards this message according to a viral message,0
WhatsApp CEO discovers that India is the best country in secret meeting,0
Foreign spies leaks that the Taj Mahal is a spaceship according to a viral message,0
Viral forward replaces that India is the best country according to a viral message,0
Tata Motors implements economic reform in New Delhi,1
Fake doctors declares a new virus spreading through audio messages in secret meeting,0
Secret society controls free laptops for everyone who forwards this message in hidden documents,0
Viral forward controls that the earth is flat in hidden documents,0
Underground hackers secretly bans that India is the best country in a deleted tweet,0
PM Modi implements tax reduction in New Delhi,1
BCCI develops tax reduction in Chennai,1
SBI inaugurates digital initiative in Gujarat,1
Underground hackers declares a new virus spreading through audio messages on the dark web,0
UNESCO destroys that India is the best country in a deleted tweet,0
SBI implements new policy in New Delhi,1
Viral forward confirms mind control microchips in vaccines in shocking revelation,0
NASA confirms a secret cure for all diseases in secret meeting,0
WhatsApp CEO leaks mind control microchips in vaccines by tomorrow morning,0
ISRO inaugurates infrastructure project at the summit,1
Secret society declares a secret cure for all diseases in shocking revelation,0
ISRO implements healthcare scheme at the summit,1
Indian Railways reviews healthcare scheme in Bangalore,1
Rahul Gandhi approves new policy at the summit,1
Niti Aayog reviews economic reform in Bangalore,1
Supreme Court inaugurates digital initiative for the nation,1
Viral forward hides gold reserves found under the Red Fort by tomorrow morning,0
Rahul Gandhi inaugurates tax reduction for the nation,1
Anonymous source hides gold reserves found under the Red Fort in a deleted tweet,0
RBI approves healthcare scheme in parliament,1
Tata Motors proposes defense strategy in Bangalore,1
Niti Aayog signs infrastructure project for the nation,1
Illuminati secretly bans mind control microchips in vaccines on the dark web,0
Anonymous source secretly bans that the Taj Mahal is a spaceship on the dark web,0
WhatsApp CEO controls gold reserves found under the Red Fort in shocking revelation,0
RBI approves defense strategy in Bangalore,1
Illuminati declares that the Taj Mahal is a spaceship in secret meeting,0
Delhi Government reviews defense strategy in Bangalore,1
Rahul Gandhi implements defense strategy in Chennai,1
SBI reviews economic reform in New Delhi,1
Ministry of Finance signs defense strategy in New Delhi,1
ISRO implements space mission in Mumbai,1
Indian Army implements economic reform for the nation,1
Viral forward controls gold reserves found under the Red Fort by tomorrow morning,0
Anonymous source discovers that the earth is flat in secret meeting,0
Supreme Court approves space mission for the nation,1
Rahul Gandhi approves defense strategy at the summit,1
Ministry of Finance launches digital initiative at the summit,1
SBI announces infrastructure project in Bangalore,1
Niti Aayog launches budget allocation for the nation,1
Tata Motors reviews infrastructure project in parliament,1
PM Modi proposes healthcare scheme in Gujarat,1
Fake doctors secretly bans free laptops for everyone who forwards this message in secret meeting,0
Viral forward replaces gold reserves found under the Red Fort on the dark web,0
Secret society discovers free laptops for everyone who forwards this message by tomorrow morning,0
Indian Railways signs tax reduction in parliament,1
Time travelers leaks that the Taj Mahal is a spaceship in secret meeting,0
Niti Aayog announces new Vande Bharat express at the summit,1
Rahul Gandhi implements new Vande Bharat express in Chennai,1
Underground hackers controls all 500 rupee notes will be banned tomorrow in secret meeting,0
Foreign spies secretly bans a secret cure for all diseases on the dark web,0
NASA hides that the earth is flat in a deleted tweet,0
Time travelers confirms a secret cure for all diseases according to a viral message,0
NASA destroys all 500 rupee notes will be banned tomorrow in secret meeting,0
Delhi Government inaugurates infrastructure project in New Delhi,1
Time travelers replaces free laptops for everyone who forwards this message in shocking revelation,0
Delhi Government reviews new policy in Mumbai,1
Time travelers confirms that India is the best country according to a viral message,0
Fake doctors destroys that India is the best country in a deleted tweet,0
Rahul Gandhi inaugurates economic reform for the nation,1
Foreign spies leaks a secret cure for all diseases on the dark web,0
Fake doctors confirms all 500 rupee notes will be banned tomorrow in shocking revelation,0
Foreign spies controls that the earth is flat by tomorrow morning,0
Indian Army reviews budget allocation in Mumbai,1
Underground hackers discovers a new virus spreading through audio messages in hidden documents,0
Supreme Court reviews new Vande Bharat express for the nation,1
Fake doctors declares free laptops for everyone who forwards this message according to a viral message,0
Fake doctors discovers mind control microchips in vaccines on the dark web,0
Illuminati destroys gold reserves found under the Red Fort in shocking revelation,0
Foreign spies destroys free laptops for everyone who forwards this message according to a viral message,0
UNESCO destroys gold reserves found under the Red Fort by tomorrow morning,0
Viral forward destroys gold reserves found under the Red Fort in a deleted tweet,0
BCCI approves space mission in Mumbai,1
Time travelers replaces gold reserves found under the Red Fort in shocking revelation,0
Supreme Court reviews tax reduction for the nation,1
UNESCO controls a new virus spreading through audio messages on the dark web,0
DRDO signs new policy in Bangalore,1
Indian Army announces new Vande Bharat express in Bangalore,1
Reliance Industries signs new Vande Bharat express in Bangalore,1
UNESCO discovers gold reserves found under the Red Fort in a deleted tweet,0
NASA controls that the Taj Mahal is a spaceship in shocking revelation,0
Anonymous source discovers gold reserves found under the Red Fort in shocking revelation,0
UNESCO discovers that the Taj Mahal is a spaceship in secret meeting,0
Time travelers replaces a new virus spreading through audio messages on the dark web,0
Viral forward hides that India is the best country according to a viral message,0
Foreign spies controls mind control microchips in vaccines according to a viral message,0
Election Commission implements new policy in New Delhi,1
Tata Motors launches defense strategy in Bangalore,1
NASA secretly bans that the Taj Mahal is a spaceship according to a viral message,0
Underground hackers secretly bans that the earth is flat in a deleted tweet,0
Rahul Gandhi approves budget allocation in Gujarat,1
Underground hackers discovers free laptops for everyone who forwards this message according to a viral message,0
Illuminati destroys a secret cure for all diseases by tomorrow morning,0
Anonymous source leaks a new virus spreading through audio messages in a deleted tweet,0
Secret society destroys that the earth is flat by tomorrow morning,0
Fake doctors destroys that India is the best country according to a viral message,0
Indian Army proposes digital initiative in parliament,1
PM Modi develops space mission for the nation,1
Time travelers discovers that the earth is flat in secret meeting,0
Indian Railways reviews new Vande Bharat express at the summit,1
Anonymous source secretly bans all 500 rupee notes will be banned tomorrow in a deleted tweet,0
NASA replaces that India is the best country according to a viral message,0
WhatsApp CEO hides all 500 rupee notes will be banned tomorrow in shocking revelation,0
DRDO develops budget allocation in Bangalore,1
Fake doctors secretly bans a new virus spreading through audio messages by tomorrow morning,0
RBI proposes digital initiative at the summit,1
Secret society discovers all 500 rupee notes will be banned tomorrow on the dark web,0
DRDO signs space mission in parliament,1
UNESCO confirms gold reserves found under the Red Fort in hidden documents,0
WhatsApp CEO leaks free laptops for everyone who forwards this message in hidden documents,0
Ministry of Finance proposes new Vande Bharat express in Bangalore,1
Delhi Government signs budget allocation in New Delhi,1
Viral forward secretly bans free laptops for everyone who forwards this message in secret meeting,0
Viral forward hides that India is the best country by tomorrow morning,0
PM Modi launches digital initiative across India,1
Tata Motors inaugurates economic reform at the summit,1
Illuminati controls all 500 rupee notes will be banned tomorrow on the dark web,0
NASA replaces a secret cure for all diseases according to a viral message,0
Ministry of Finance reviews healthcare scheme in Mumbai,1
Anonymous source confirms that the earth is flat on the dark web,0
Delhi Government proposes infrastructure project in Mumbai,1
Tata Motors launches digital initiative at the summit,1
RBI announces infrastructure project in New Delhi,1
Rahul Gandhi proposes tax reduction across India,1
Time travelers leaks gold reserves found under the Red Fort according to a viral message,0
RBI reviews tax reduction across India,1
UNESCO replaces mind control microchips in vaccines in secret meeting,0
Viral forward controls mind control microchips in vaccines by tomorrow morning,0
WhatsApp CEO discovers that the Taj Mahal is a spaceship in shocking revelation,0
DRDO implements new Vande Bharat express across India,1
Underground hackers controls gold reserves found under the Red Fort in a deleted tweet,0
Illuminati confirms a new virus spreading through audio messages in shocking revelation,0
Viral forward destroys mind control microchips in vaccines according to a viral message,0
BCCI develops infrastructure project across India,1
Illuminati discovers free laptops for everyone who forwards this message in a deleted tweet,0
Election Commission develops new Vande Bharat express at the summit,1
Niti Aayog announces healthcare scheme for the nation,1
Fake doctors destroys a secret cure for all diseases by tomorrow morning,0
Niti Aayog launches infrastructure project in Chennai,1
Supreme Court launches digital initiative in New Delhi,1
ISRO reviews infrastructure project in parliament,1
PM Modi signs digital initiative in Bangalore,1
Niti Aayog proposes defense strategy in Bangalore,1
Tata Motors launches space mission in Bangalore,1
Illuminati replaces mind control microchips in vaccines in hidden documents,0
Tata Motors implements new Vande Bharat express in Bangalore,1
WhatsApp CEO secretly bans that India is the best country in secret meeting,0
Underground hackers controls a new virus spreading through audio messages in shocking revelation,0
Foreign spies hides that the earth is flat according to a viral message,0
PM Modi inaugurates defense strategy in Chennai,1
Reliance Industries implements economic reform in Bangalore,1
Indian Army develops defense strategy in Gujarat,1
Indian Railways signs new Vande Bharat express in Mumbai,1
SBI proposes defense strategy across India,1
Indian Railways reviews new policy in parliament,1
DRDO inaugurates tax reduction in Chennai,1
Illuminati declares that the earth is flat on the dark web,0
Indian Army proposes infrastructure project for the nation,1
Ministry of Finance inaugurates economic reform across India,1
Indian Army proposes economic reform in parliament,1
Time travelers hides a new virus spreading through audio messages by tomorrow morning,0
Anonymous source confirms all 500 rupee notes will be banned tomorrow in secret meeting,0
Anonymous source confirms gold reserves found under the Red Fort on the dark web,0
Illuminati replaces gold reserves found under the Red Fort in hidden documents,0
Underground hackers leaks free laptops for everyone who forwards this message in a deleted tweet,0
NASA confirms all 500 rupee notes will be banned tomorrow according to a viral message,0
DRDO signs new Vande Bharat express in Gujarat,1
NASA hides that the earth is flat in hidden documents,0
Fake doctors destroys that the Taj Mahal is a spaceship in hidden documents,0
Anonymous source destroys mind control microchips in vaccines in secret meeting,0
Illuminati hides a secret cure for all diseases on the dark web,0
Election Commission signs infrastructure project in New Delhi,1
Foreign spies declares a new virus spreading through audio messages by tomorrow morning,0
UNESCO hides gold reserves found under the Red Fort in a deleted tweet,0
SBI signs space mission in Gujarat,1
Time travelers declares a secret cure for all diseases in secret meeting,0
Secret society discovers a secret cure for all diseases according to a viral message,0
ISRO approves new Vande Bharat express in New Delhi,1
Tata Motors approves digital initiative in Chennai,1
Secret society replaces that the Taj Mahal is a spaceship by tomorrow morning,0
PM Modi announces space mission in New Delhi,1
Indian Army announces new Vande Bharat express in New Delhi,1
Reliance Industries proposes defense strategy in parliament,1
Delhi Government reviews healthcare scheme in parliament,1
Supreme Court develops economic reform in Mumbai,1
Time travelers hides that the earth is flat in shocking revelation,0
DRDO proposes economic reform across India,1
Indian Army launches new Vande Bharat express in parliament,1
Underground hackers leaks free laptops for everyone who forwards this message by tomorrow morning,0
RBI signs defense strategy in Mumbai,1
NASA replaces that India is the best country in a deleted tweet,0
UNESCO confirms that India is the best country in a deleted tweet,0
Election Commission approves infrastructure project in New Delhi,1
Viral forward confirms that the earth is flat according to a viral message,0
SBI implements space mission in Bangalore,1
Tata Motors proposes new policy for the nation,1
Niti Aayog develops tax reduction in Bangalore,1
SBI proposes defense strategy in Gujarat,1
Anonymous source leaks that the earth is flat in a deleted tweet,0
UNESCO secretly bans that India is the best country in hidden documents,0
Election Commission develops budget allocation for the nation,1
Underground hackers confirms a secret cure for all diseases on the dark web,0
NASA secretly bans all 500 rupee notes will be banned tomorrow in a deleted tweet,0
Fake doctors controls a secret cure for all diseases by tomorrow morning,0
ISRO develops healthcare scheme across India,1
PM Modi signs new Vande Bharat express for the nation,1
Anonymous source destroys a secret cure for all diseases by tomorrow morning,0
Underground hackers secretly bans gold reserves found under the Red Fort in secret meeting,0
Foreign spies hides that the Taj Mahal is a spaceship according to a viral message,0
DRDO reviews economic reform at the summit,1
DRDO inaugurates infrastructure project in New Delhi,1
Secret society confirms mind control microchips in vaccines by tomorrow morning,0
Underground hackers secretly bans gold reserves found under the Red Fort by tomorrow morning,0
Fake doctors destroys mind control microchips in vaccines by tomorrow morning,0
Foreign spies declares free laptops for everyone who forwards this message according to a viral message,0
BCCI develops infrastructure project in Mumbai,1
Delhi Government approves infrastructure project at the summit,1
Niti Aayog signs healthcare scheme in Chennai,1
BCCI inaugurates defense strategy in parliament,1
BCCI launches infrastructure project in Bangalore,1
Rahul Gandhi implements digital initiative in New Delhi,1
Supreme Court inaugurates tax reduction in Mumbai,1
DRDO implements defense strategy in Mumbai,1
Illuminati secretly bans all 500 rupee notes will be banned tomorrow in hidden documents,0
Underground hackers confirms mind control microchips in vaccines on the dark web,0
Secret society discovers a secret cure for all diseases by tomorrow morning,0
WhatsApp CEO replaces a new virus spreading through audio messages in shocking revelation,0
UNESCO replaces a secret cure for all diseases on the dark web,0
Fake doctors confirms a new virus spreading through audio messages on the dark web,0
RBI develops digital initiative in Mumbai,1
Supreme Court implements healthcare scheme in parliament,1
Time travelers confirms that the Taj Mahal is a spaceship by tomorrow morning,0
Foreign spies confirms a new virus spreading through audio messages according to a viral message,0
Anonymous source replaces free laptops for everyone who forwards this message in secret meeting,0
SBI inaugurates defense strategy across India,1
ISRO approves tax reduction in New Delhi,1
WhatsApp CEO controls a new virus spreading through audio messages in shocking revelation,0
Anonymous source destroys gold reserves found under the Red Fort according to a viral message,0
Rahul Gandhi proposes space mission in parliament,1
Underground hackers declares free laptops for everyone who forwards this message in a deleted tweet,0
BCCI reviews economic reform in parliament,1
Niti Aayog launches infrastructure project for the nation,1
WhatsApp CEO declares a new virus spreading through audio messages in secret meeting,0
NASA controls that the earth is flat by tomorrow morning,0
Rahul Gandhi inaugurates new Vande Bharat express in Gujarat,1
Indian Army reviews digital initiative across India,1
Illuminati discovers that the earth is flat on the dark web,0
UNESCO secretly bans that India is the best country in a deleted tweet,0
Foreign spies declares that the Taj Mahal is a spaceship in secret meeting,0
Rahul Gandhi announces infrastructure project in parliament,1
Rahul Gandhi approves economic reform at the summit,1
Viral forward hides a secret cure for all diseases in hidden documents,0
Illuminati confirms that the earth is flat according to a viral message,0
Foreign spies secretly bans that India is the best country in a deleted tweet,0
Tata Motors reviews economic reform in Chennai,1
NASA destroys that the earth is flat on the dark web,0
Tata Motors announces economic reform at the summit,1
Underground hackers discovers a new virus spreading through audio messages by tomorrow morning,0
Time travelers confirms all 500 rupee notes will be banned tomorrow according to a viral message,0
Rahul Gandhi announces budget allocation in New Delhi,1
SBI approves space mission in Bangalore,1
Illuminati discovers a new virus spreading through audio messages in shocking revelation,0
BCCI develops infrastructure project in Gujarat,1
WhatsApp CEO discovers gold reserves found under the Red Fort in secret meeting,0
Reliance Industries launches tax reduction for the nation,1
WhatsApp CEO secretly bans that the earth is flat in shocking revelation,0
Illuminati secretly bans free laptops for everyone who forwards this message in secret meeting,0
Secret society leaks mind control microchips in vaccines according to a viral message,0
Illuminati declares gold reserves found under the Red Fort on the dark web,0
Supreme Court announces tax reduction in Chennai,1
ISRO approves economic reform in Mumbai,1
PM Modi reviews space mission in New Delhi,1
Time travelers controls all 500 rupee notes will be banned tomorrow in a deleted tweet,0
SBI approves budget allocation in Gujarat,1
Illuminati leaks gold reserves found under the Red Fort in a deleted tweet,0
Illuminati replaces a new virus spreading through audio messages in hidden documents,0
Anonymous source leaks that India is the best country in hidden documents,0
Anonymous source replaces free laptops for everyone who forwards this message in shocking revelation,0
Rahul Gandhi approves new policy for the nation,1
PM Modi implements new Vande Bharat express across India,1
Fake doctors replaces that the Taj Mahal is a spaceship in hidden documents,0
WhatsApp CEO secretly bans all 500 rupee notes will be banned tomorrow by tomorrow morning,0
Illuminati discovers mind control microchips in vaccines according to a viral message,0
Anonymous source controls mind control microchips in vaccines in secret meeting,0
Tata Motors launches infrastructure project in New Delhi,1
BCCI reviews new Vande Bharat express in Bangalore,1
Anonymous source hides a new virus spreading through audio messages in hidden documents,0
Viral forward leaks mind control microchips in vaccines in shocking revelation,0
Indian Railways proposes economic reform for the nation,1
Reliance Industries inaugurates healthcare scheme in Gujarat,1
Viral forward destroys that India is the best country by tomorrow morning,0
Time travelers confirms gold reserves found under the Red Fort in hidden documents,0
Supreme Court develops healthcare scheme in Mumbai,1
Delhi Government develops digital initiative in Mumbai,1
DRDO inaugurates budget allocation in Mumbai,1
Election Commission proposes new Vande Bharat express for the nation,1
ISRO develops defense strategy in Mumbai,1
Anonymous source declares free laptops for everyone who forwards this message in secret meeting,0
WhatsApp CEO hides a secret cure for all diseases by tomorrow morning,0
PM Modi implements space mission in Bangalore,1
Election Commission announces budget allocation in Bangalore,1
Indian Army develops digital initiative across India,1
UNESCO declares all 500 rupee notes will be banned tomorrow in secret meeting,0
Anonymous source controls gold reserves found under the Red Fort in a deleted tweet,0
Rahul Gandhi approves defense strategy in Mumbai,1
UNESCO hides all 500 rupee notes will be banned tomorrow by tomorrow morning,0
Fake doctors replaces mind control microchips in vaccines according to a viral message,0
Viral forward secretly bans a new virus spreading through audio messages in hidden documents,0
Secret society controls gold reserves found under the Red Fort on the dark web,0
Viral forward controls that the earth is flat by tomorrow morning,0
Tata Motors reviews economic reform for the nation,1
Foreign spies hides a new virus spreading through audio messages by tomorrow morning,0
Delhi Government approves infrastructure project in Gujarat,1
Secret society confirms mind control microchips in vaccines in hidden documents,0
Indian Railways proposes digital initiative in Gujarat,1
Foreign spies discovers gold reserves found under the Red Fort by tomorrow morning,0
Reliance Industries approves space mission in New Delhi,1
Foreign spies controls free laptops for everyone who forwards this message in shocking revelation,0
Niti Aayog announces economic reform in Chennai,1
Supreme Court implements budget allocation across India,1
Time travelers secretly bans mind control microchips in vaccines in shocking revelation,0
Time travelers hides free laptops for everyone who forwards this message in a deleted tweet,0
Supreme Court launches new Vande Bharat express at the summit,1
Anonymous source hides a secret cure for all diseases in shocking revelation,0
Election Commission announces tax reduction in New Delhi,1
Reliance Industries reviews tax reduction in Chennai,1
ISRO proposes healthcare scheme in Gujarat,1
SBI reviews infrastructure project in Gujarat,1
UNESCO replaces gold reserves found under the Red Fort in hidden documents,0
WhatsApp CEO confirms gold reserves found under the Red Fort in a deleted tweet,0
Illuminati controls a new virus spreading through audio messages by tomorrow morning,0
Tata Motors implements economic reform in Gujarat,1
Time travelers hides a new virus spreading through audio messages according to a viral message,0
Election Commission launches space mission in New Delhi,1
Ministry of Finance launches defense strategy at the summit,1
Reliance Industries reviews infrastructure project in New Delhi,1
Reliance Industries announces new policy in parliament,1
Secret society declares all 500 rupee notes will be banned tomorrow by tomorrow morning,0
Viral forward hides mind control microchips in vaccines in secret meeting,0
Ministry of Finance launches space mission in Gujarat,1
Anonymous source hides mind control microchips in vaccines according to a viral message,0
Illuminati confirms that India is the best country in a deleted tweet,0
Tata Motors develops tax reduction for the nation,1
Indian Railways develops economic reform for the nation,1
Underground hackers confirms mind control microchips in vaccines according to a viral message,0
UNESCO leaks that the earth is flat in shocking revelation,0
Time travelers hides free laptops for everyone who forwards this message in hidden documents,0
Secret society destroys that the earth is flat in a deleted tweet,0
Niti Aayog inaugurates defense strategy across India,1
ISRO develops budget allocation at the summit,1
BCCI approves digital initiative in Bangalore,1
Underground hackers leaks that India is the best country in shocking revelation,0
Illuminati discovers mind control microchips in vaccines in secret meeting,0
WhatsApp CEO leaks that India is the best country in hidden documents,0
Supreme Court signs tax reduction at the summit,1
Ministry of Finance proposes digital initiative for the nation,1
Anonymous source discovers a secret cure for all diseases in shocking revelation,0
Secret society hides all 500 rupee notes will be banned tomorrow in a deleted tweet,0
Time travelers controls gold reserves found under the Red Fort according to a viral message,0
Illuminati destroys free laptops for everyone who forwards this message by tomorrow morning,0
DRDO approves healthcare scheme at the summit,1
NASA controls a secret cure for all diseases on the dark web,0
Foreign spies hides a secret cure for all diseases in secret meeting,0
WhatsApp CEO leaks that India is the best country according to a viral message,0
Reliance Industries implements healthcare scheme in Mumbai,1
Tata Motors proposes new policy in Bangalore,1
Rahul Gandhi reviews defense strategy for the nation,1
Rahul Gandhi signs healthcare scheme in Chennai,1
Fake doctors destroys all 500 rupee notes will be banned tomorrow by tomorrow morning,0
Rahul Gandhi inaugurates space mission in Mumbai,1
Illuminati controls gold reserves found under the Red Fort in secret meeting,0
Illuminati controls a secret cure for all diseases in a deleted tweet,0
Foreign spies discovers a new virus spreading through audio messages in secret meeting,0
Reliance Industries signs healthcare scheme in Mumbai,1
ISRO inaugurates defense strategy in New Delhi,1
ISRO proposes budget allocation across India,1
Foreign spies declares that India is the best country by tomorrow morning,0
Underground hackers discovers all 500 rupee notes will be banned tomorrow on the dark web,0
Rahul Gandhi inaugurates healthcare scheme at the summit,1
Reliance Industries announces new policy in Chennai,1
SBI announces infrastructure project in parliament,1
Foreign spies leaks a secret cure for all diseases by tomorrow morning,0
NASA replaces mind control microchips in vaccines according to a viral message,0
Anonymous source discovers that India is the best country in secret meeting,0
Fake doctors declares a new virus spreading through audio messages in shocking revelation,0
Viral forward replaces free laptops for everyone who forwards this message in secret meeting,0
NASA destroys all 500 rupee notes will be banned tomorrow by tomorrow morning,0
Anonymous source leaks a new virus spreading through audio messages in shocking revelation,0
Fake doctors discovers mind control microchips in vaccines in hidden documents,0
PM Modi inaugurates tax reduction in New Delhi,1
Underground hackers discovers that the earth is flat in a deleted tweet,0
RBI proposes new Vande Bharat express in Chennai,1
Viral forward leaks gold reserves found under the Red Fort on the dark web,0
Niti Aayog approves economic reform in parliament,1
SBI reviews infrastructure project at the summit,1
Election Commission launches new policy for the nation,1
Illuminati secretly bans that the Taj Mahal is a spaceship in shocking revelation,0
Secret society declares that the Taj Mahal is a spaceship on the dark web,0
Time travelers controls mind control microchips in vaccines in hidden documents,0
NASA replaces that the earth is flat in a deleted tweet,0
SBI announces defense strategy in Bangalore,1
Supreme Court signs infrastructure project at the summit,1
ISRO approves digital initiative in Mumbai,1
SBI approves infrastructure project at the summit,1
ISRO proposes tax reduction for the nation,1
Delhi Government proposes digital initiative in Gujarat,1
Fake doctors hides all 500 rupee notes will be banned tomorrow according to a viral message,0
Niti Aayog proposes economic reform for the nation,1
Niti Aayog proposes budget allocation in Mumbai,1
Foreign spies declares a secret cure for all diseases in hidden documents,0
Anonymous source confirms free laptops for everyone who forwards this message according to a viral message,0
BCCI reviews budget allocation at the summit,1
Underground hackers confirms a new virus spreading through audio messages in hidden documents,0
Secret society hides that the earth is flat in hidden documents,0
WhatsApp CEO destroys that India is the best country by tomorrow morning,0
Foreign spies controls all 500 rupee notes will be banned tomorrow in a deleted tweet,0
Foreign spies confirms a new virus spreading through audio messages in shocking revelation,0
Fake doctors controls a secret cure for all diseases in shocking revelation,0
Underground hackers replaces a new virus spreading through audio messages in hidden documents,0
BCCI inaugurates defense strategy in Bangalore,1
Time travelers replaces mind control microchips in vaccines in hidden documents,0
Anonymous source destroys that the earth is flat on the dark web,0
UNESCO confirms that the Taj Mahal is a spaceship on the dark web,0
Tata Motors inaugurates new policy in parliament,1
Anonymous source destroys mind control microchips in vaccines in a deleted tweet,0
Time travelers leaks that the earth is flat in shocking revelation,0
Viral forward destroys a new virus spreading through audio messages on the dark web,0
Foreign spies secretly bans that the Taj Mahal is a spaceship by tomorrow morning,0
Tata Motors implements tax reduction in Chennai,1
Anonymous source controls free laptops for everyone who forwards this message on the dark web,0
Rahul Gandhi signs space mission for the nation,1
WhatsApp CEO replaces mind control microchips in vaccines in hidden documents,0
Time travelers declares free laptops for everyone who forwards this message in secret meeting,0
RBI approves infrastructure project in Chennai,1
Election Commission develops digital initiative in Mumbai,1
PM Modi launches digital initiative in Chennai,1
ISRO announces economic reform at the summit,1
Underground hackers secretly bans a secret cure for all diseases in shocking revelation,0
SBI approves defense strategy in Mumbai,1
Secret society hides gold reserves found under the Red Fort according to a viral message,0
Foreign spies replaces that the Taj Mahal is a spaceship in a deleted tweet,0
Secret society discovers that India is the best country in a deleted tweet,0
Niti Aayog signs new policy across India,1
Fake doctors declares that the Taj Mahal is a spaceship according to a viral message,0
BCCI signs tax reduction across India,1
Delhi Government inaugurates economic reform at the summit,1
Supreme Court reviews economic reform across India,1
Illuminati controls a secret cure for all diseases according to a viral message,0
UNESCO destroys that India is the best country in secret meeting,0
NASA hides that India is the best country in hidden documents,0
Illuminati hides that the earth is flat in shocking revelation,0
Election Commission inaugurates infrastructure project in New Delhi,1
Supreme Court announces new Vande Bharat express at the summit,1
DRDO approves budget allocation in Gujarat,1
Secret society destroys mind control microchips in vaccines in hidden documents,0
Delhi Government develops new Vande Bharat express in parliament,1
BCCI develops new policy in Mumbai,1
Indian Army signs healthcare scheme across India,1
BCCI implements budget allocation for the nation,1
UNESCO controls a secret cure for all diseases according to a viral message,0
Illuminati hides gold reserves found under the Red Fort in a deleted tweet,0
Ministry of Finance implements budget allocation in Bangalore,1
Illuminati declares all 500 rupee notes will be banned tomorrow according to a viral message,0
Viral forward controls all 500 rupee notes will be banned tomorrow in secret meeting,0
Viral forward hides a secret cure for all diseases on the dark web,0
Viral forward discovers free laptops for everyone who forwards this message in a deleted tweet,0
Rahul Gandhi develops space mission in New Delhi,1
Supreme Court proposes new policy in New Delhi,1
RBI inaugurates space mission in New Delhi,1
DRDO inaugurates healthcare scheme across India,1
BCCI implements healthcare scheme in Chennai,1
Election Commission implements new Vande Bharat express in Chennai,1
Election Commission develops tax reduction across India,1
Viral forward leaks that India is the best country in shocking revelation,0
Anonymous source declares a secret cure for all diseases in secret meeting,0
Ministry of Finance launches new Vande Bharat express in Bangalore,1
WhatsApp CEO destroys all 500 rupee notes will be banned tomorrow in a deleted tweet,0
Tata Motors inaugurates defense strategy at the summit,1
RBI inaugurates new policy in Gujarat,1
Rahul Gandhi implements economic reform in Chennai,1
Reliance Industries proposes new Vande Bharat express in parliament,1
Foreign spies replaces that the earth is flat by tomorrow morning,0
Underground hackers confirms free laptops for everyone who forwards this message by tomorrow morning,0
Delhi Government develops budget allocation in parliament,1
Indian Railways inaugurates budget allocation in Bangalore,1
NASA leaks that the earth is flat by tomorrow morning,0
Indian Railways approves new Vande Bharat express in parliament,1
Time travelers confirms a new virus spreading through audio messages according to a viral message,0
Time travelers hides mind control microchips in vaccines in hidden documents,0
Tata Motors announces defense strategy in Bangalore,1
Niti Aayog develops defense strategy in Bangalore,1
Rahul Gandhi announces economic reform at the summit,1
Illuminati leaks all 500 rupee notes will be banned tomorrow in hidden documents,0
DRDO approves defense strategy in Chennai,1
RBI inaugurates economic reform in New Delhi,1
SBI signs tax reduction in Chennai,1
ISRO develops digital initiative in parliament,1
NASA secretly bans that the Taj Mahal is a spaceship in shocking revelation,0
Illuminati replaces that the Taj Mahal is a spaceship according to a viral message,0
Illuminati declares free laptops for everyone who forwards this message in shocking revelation,0
RBI announces healthcare scheme in Mumbai,1
Secret society confirms that the earth is flat according to a viral message,0
WhatsApp CEO confirms mind control microchips in vaccines on the dark web,0
DRDO reviews infrastructure project in Gujarat,1
Supreme Court approves tax reduction in parliament,1
Secret society secretly bans all 500 rupee notes will be banned tomorrow in hidden documents,0
Fake doctors declares gold reserves found under the Red Fort in shocking revelation,0
Anonymous source leaks that India is the best country in a deleted tweet,0
BCCI develops budget allocation in Gujarat,1
Secret society discovers free laptops for everyone who forwards this message in a deleted tweet,0
SBI proposes new Vande Bharat express in Mumbai,1
Fake doctors replaces free laptops for everyone who forwards this message in a deleted tweet,0
Fake doctors destroys that the earth is flat on the dark web,0
RBI announces tax reduction in Gujarat,1
Indian Railways launches budget allocation at the summit,1
Time travelers hides mind control microchips in vaccines according to a viral message,0
DRDO reviews new Vande Bharat express in Bangalore,1
NASA destroys that the Taj Mahal is a spaceship on the dark web,0
Foreign spies leaks a secret cure for all diseases in shocking revelation,0
BCCI implements infrastructure project in Mumbai,1
WhatsApp CEO secretly bans a new virus spreading through audio messages in hidden documents,0
Viral forward controls mind control microchips in vaccines in secret meeting,0
Indian Railways announces economic reform in New Delhi,1
Secret society controls that the Taj Mahal is a spaceship in a deleted tweet,0
NASA confirms a new virus spreading through audio messages in hidden documents,0
RBI announces new policy in Mumbai,1
Secret society declares a new virus spreading through audio messages on the dark web,0
WhatsApp CEO hides gold reserves found under the Red Fort on the dark web,0
Secret society controls free laptops for everyone who forwards this message in a deleted tweet,0
WhatsApp CEO replaces gold reserves found under the Red Fort by tomorrow morning,0
Time travelers leaks free laptops for everyone who forwards this message in a deleted tweet,0
Viral forward hides mind control microchips in vaccines in hidden documents,0
Time travelers discovers that the Taj Mahal is a spaceship by tomorrow morning,0
Fake doctors confirms mind control microchips in vaccines in a deleted tweet,0
BCCI announces healthcare scheme in parliament,1
Illuminati discovers that the earth is flat in hidden documents,0
WhatsApp CEO confirms that India is the best country on the dark web,0
Supreme Court implements new policy for the nation,1
Rahul Gandhi reviews digital initiative in Bangalore,1
Tata Motors approves tax reduction in parliament,1
Secret society confirms all 500 rupee notes will be banned tomorrow in hidden documents,0
Viral forward controls a new virus spreading through audio messages according to a viral message,0
Underground hackers replaces all 500 rupee notes will be banned tomorrow in secret meeting,0
UNESCO confirms that the Taj Mahal is a spaceship in a deleted tweet,0
Foreign spies hides mind control microchips in vaccines by tomorrow morning,0
Election Commission develops space mission in Mumbai,1
Time travelers secretly bans free laptops for everyone who forwards this message in hidden documents,0
BCCI signs space mission in Chennai,1
PM Modi approves tax reduction in New Delhi,1
Underground hackers controls that India is the best country in hidden documents,0
Secret society destroys that India is the best country in hidden documents,0
Secret society discovers that the earth is flat by tomorrow morning,0
Indian Army proposes budget allocation at the summit,1
Reliance Industries launches budget allocation across India,1
Viral forward discovers mind control microchips in vaccines in a deleted tweet,0
Illuminati secretly bans a new virus spreading through audio messages in secret meeting,0
Secret society secretly bans that the earth is flat in a deleted tweet,0
WhatsApp CEO confirms a secret cure for all diseases in a deleted tweet,0
UNESCO leaks gold reserves found under the Red Fort in shocking revelation,0
DRDO signs budget allocation in New Delhi,1
Ministry of Finance approves tax reduction in Mumbai,1
PM Modi signs new Vande Bharat express in Gujarat,1
Supreme Court launches healthcare scheme at the summit,1
Supreme Court implements defense strategy in New Delhi,1
Election Commission inaugurates digital initiative in New Delhi,1
DRDO develops infrastructure project in New Delhi,1
Election Commission implements economic reform in parliament,1
BCCI develops new policy in parliament,1
Indian Railways approves tax reduction in parliament,1
Illuminati declares free laptops for everyone who forwards this message in secret meeting,0
Tata Motors approves infrastructure project in Bangalore,1
Anonymous source replaces that India is the best country in hidden documents,0
Underground hackers hides all 500 rupee notes will be banned tomorrow in secret meeting,0
SBI announces space mission at the summit,1
Indian Army reviews budget allocation at the summit,1
Fake doctors leaks all 500 rupee notes will be banned tomorrow in a deleted tweet,0
Secret society controls that the earth is flat on the dark web,0
Viral forward leaks a new virus spreading through audio messages in shocking revelation,0
Underground hackers destroys gold reserves found under the Red Fort by tomorrow morning,0
Underground hackers declares a new virus spreading through audio messages in shocking revelation,0
Fake doctors discovers a new virus spreading through audio messages in a deleted tweet,0
Indian Army signs economic reform in New Delhi,1
ISRO reviews infrastructure project in Bangalore,1
Ministry of Finance launches infrastructure project at the summit,1
Ministry of Finance proposes healthcare scheme across India,1
Delhi Government implements healthcare scheme in Bangalore,1
Supreme Court proposes new policy for the nation,1
SBI develops defense strategy in Bangalore,1
NASA declares mind control microchips in vaccines in hidden documents,0
Tata Motors inaugurates space mission for the nation,1
Fake doctors confirms a secret cure for all diseases in hidden documents,0
Niti Aayog launches space mission in Chennai,1
Delhi Government implements new Vande Bharat express in parliament,1
Time travelers replaces free laptops for everyone who forwards this message in secret meeting,0
Underground hackers hides a new virus spreading through audio messages in shocking revelation,0
Fake doctors discovers a secret cure for all diseases in secret meeting,0
Tata Motors implements economic reform in Bangalore,1
WhatsApp CEO controls all 500 rupee notes will be banned tomorrow on the dark web,0
Delhi Government announces new Vande Bharat express in New Delhi,1
Ministry of Finance develops space mission across India,1
Reliance Industries reviews new policy for the nation,1
Viral forward declares all 500 rupee notes will be banned tomorrow according to a viral message,0
SBI launches healthcare scheme in Mumbai,1
Rahul Gandhi launches healthcare scheme in parliament,1
Illuminati leaks all 500 rupee notes will be banned tomorrow in shocking revelation,0
Ministry of Finance approves tax reduction in parliament,1
Indian Army implements space mission in Chennai,1
Underground hackers secretly bans gold reserves found under the Red Fort on the dark web,0
Anonymous source declares that India is the best country in a deleted tweet,0
Election Commission announces space mission at the summit,1
PM Modi announces healthcare scheme at the summit,1
NASA discovers a secret cure for all diseases on the dark web,0
SBI inaugurates infrastructure project in Gujarat,1
SBI implements new policy across India,1
Foreign spies replaces a new virus spreading through audio messages on the dark web,0
Ministry of Finance signs defense strategy at the summit,1
Illuminati discovers that India is the best country in hidden documents,0
Fake doctors secretly bans that the Taj Mahal is a spaceship in secret meeting,0
Indian Railways inaugurates tax reduction in Gujarat,1
Indian Army signs infrastructure project in New Delhi,1
Rahul Gandhi launches new Vande Bharat express in Gujarat,1
Niti Aayog announces new Vande Bharat express in Bangalore,1
Underground hackers confirms that the earth is flat in shocking revelation,0
Reliance Industries launches space mission across India,1
Indian Railways reviews new policy in New Delhi,1
Foreign spies controls all 500 rupee notes will be banned tomorrow in shocking revelation,0
Supreme Court reviews healthcare scheme in Bangalore,1
RBI signs economic reform at the summit,1
PM Modi develops budget allocation across India,1
NASA hides that the Taj Mahal is a spaceship on the dark web,0
Ministry of Finance announces space mission in New Delhi,1
Underground hackers leaks that the earth is flat in shocking revelation,0
Rahul Gandhi launches infrastructure project in Chennai,1
RBI announces infrastructure project at the summit,1
BCCI proposes new Vande Bharat express across India,1
Rahul Gandhi proposes digital initiative for the nation,1
SBI proposes budget allocation in Bangalore,1
WhatsApp CEO hides free laptops for everyone who forwards this message on the dark web,0
PM Modi develops budget allocation for the nation,1
PM Modi inaugurates healthcare scheme in Bangalore,1
Anonymous source confirms a new virus spreading through audio messages on the dark web,0
Supreme Court proposes tax reduction in Mumbai,1
Time travelers controls free laptops for everyone who forwards this message on the dark web,0
Indian Army implements infrastructure project in New Delhi,1
Foreign spies declares gold reserves found under the Red Fort in secret meeting,0
Indian Railways announces new Vande Bharat express in New Delhi,1
Tata Motors approves digital initiative in New Delhi,1
NASA controls all 500 rupee notes will be banned tomorrow in secret meeting,0
SBI launches defense strategy across India,1
Time travelers destroys that the earth is flat on the dark web,0
NASA leaks gold reserves found under the Red Fort by tomorrow morning,0
Illuminati controls a secret cure for all diseases by tomorrow morning,0
Supreme Court develops tax reduction across India,1
Illuminati declares all 500 rupee notes will be banned tomorrow by tomorrow morning,0
Foreign spies secretly bans that the Taj Mahal is a spaceship in secret meeting,0
Election Commission proposes economic reform in parliament,1
Supreme Court implements infrastructure project for the nation,1
Indian Railways develops economic reform in Gujarat,1
Viral forward destroys mind control microchips in vaccines on the dark web,0
Underground hackers discovers gold reserves found under the Red Fort in a deleted tweet,0
Supreme Court approves infrastructure project across India,1
Reliance Industries approves new Vande Bharat express across India,1
Rahul Gandhi reviews tax reduction in Bangalore,1
Secret society secretly bans mind control microchips in vaccines in shocking revelation,0
Secret society destroys that the Taj Mahal is a spaceship according to a viral message,0
PM Modi signs defense strategy for the nation,1
BCCI signs healthcare scheme in New Delhi,1
Anonymous source secretly bans a new virus spreading through audio messages in hidden documents,0
Anonymous source declares that the earth is flat in hidden documents,0
Reliance Industries signs economic reform in Chennai,1
Fake doctors secretly bans that the earth is flat in hidden documents,0
Underground hackers leaks a secret cure for all diseases in a deleted tweet,0
Ministry of Finance proposes digital initiative at the summit,1
Underground hackers confirms a secret cure for all diseases in secret meeting,0
Time travelers declares that the Taj Mahal is a spaceship according to a viral message,0
Time travelers destroys gold reserves found under the Red Fort in secret meeting,0
Foreign spies confirms that the earth is flat in a deleted tweet,0
Ministry of Finance approves healthcare scheme across India,1
SBI launches digital initiative in parliament,1
Supreme Court signs defense strategy in Mumbai,1
UNESCO destroys that India is the best country on the dark web,0
Viral forward hides free laptops for everyone who forwards this message in a deleted tweet,0
Illuminati controls that the Taj Mahal is a spaceship according to a viral message,0
WhatsApp CEO declares all 500 rupee notes will be banned tomorrow in hidden documents,0
NASA hides mind control microchips in vaccines according to a viral message,0
Tata Motors signs budget allocation in parliament,1
Ministry of Finance inaugurates budget allocation across India,1
Anonymous source leaks that the Taj Mahal is a spaceship in shocking revelation,0
Illuminati discovers mind control microchips in vaccines on the dark web,0
Indian Army develops new policy in parliament,1
Ministry of Finance implements tax reduction in Gujarat,1
Delhi Government reviews economic reform in Mumbai,1
Fake doctors replaces that India is the best country in secret meeting,0
Delhi Government signs healthcare scheme in Chennai,1
Illuminati replaces that the Taj Mahal is a spaceship in secret meeting,0
Election Commission reviews infrastructure project in Bangalore,1
WhatsApp CEO discovers free laptops for everyone who forwards this message in a deleted tweet,0
Foreign spies replaces that the earth is flat according to a viral message,0
SBI signs tax reduction in Bangalore,1
Indian Railways reviews economic reform in Mumbai,1
PM Modi approves healthcare scheme for the nation,1
Fake doctors leaks free laptops for everyone who forwards this message in shocking revelation,0
Viral forward leaks a secret cure for all diseases according to a viral message,0
Underground hackers declares gold reserves found under the Red Fort in a deleted tweet,0
Anonymous source discovers mind control microchips in vaccines by tomorrow morning,0
Anonymous source discovers that India is the best country in hidden documents,0
Supreme Court announces economic reform in New Delhi,1
Secret society confirms a new virus spreading through audio messages in shocking revelation,0
Ministry of Finance approves healthcare scheme in parliament,1
Reliance Industries announces tax reduction in Mumbai,1
Fake doctors leaks a new virus spreading through audio messages by tomorrow morning,0
NASA secretly bans a new virus spreading through audio messages in shocking revelation,0
Underground hackers hides a secret cure for all diseases according to a viral message,0
RBI implements digital initiative for the nation,1
Time travelers leaks that the Taj Mahal is a spaceship on the dark web,0
Niti Aayog develops new Vande Bharat express in parliament,1
Illuminati discovers that the earth is flat according to a viral message,0
ISRO implements defense strategy in Bangalore,1
NASA hides mind control microchips in vaccines in a deleted tweet,0
Indian Army develops digital initiative in Bangalore,1
Rahul Gandhi proposes digital initiative in Gujarat,1
UNESCO declares that the Taj Mahal is a spaceship in hidden documents,0
Tata Motors signs new Vande Bharat express in Mumbai,1
Delhi Government implements infrastructure project across India,1
Indian Army inaugurates defense strategy for the nation,1
Underground hackers controls all 500 rupee notes will be banned tomorrow in hidden documents,0
Indian Railways launches digital initiative in Mumbai,1
UNESCO discovers that India is the best country according to a viral message,0
PM Modi announces digital initiative in Chennai,1
RBI reviews new Vande Bharat express across India,1
Supreme Court inaugurates new policy at the summit,1
Ministry of Finance announces new Vande Bharat express in Chennai,1
Secret society discovers that the Taj Mahal is a spaceship according to a viral message,0
Fake doctors confirms gold reserves found under the Red Fort on the dark web,0
PM Modi reviews healthcare scheme in Gujarat,1
Fake doctors confirms that the Taj Mahal is a spaceship in hidden documents,0
Fake doctors replaces a new virus spreading through audio messages in a deleted tweet,0
UNESCO declares all 500 rupee notes will be banned tomorrow on the dark web,0
Viral forward secretly bans a secret cure for all diseases on the dark web,0
Reliance Industries announces infrastructure project in parliament,1
Time travelers discovers free laptops for everyone who forwards this message in hidden documents,0
Tata Motors approves new Vande Bharat express across India,1
Anonymous source leaks a secret cure for all diseases on the dark web,0
WhatsApp CEO leaks gold reserves found under the Red Fort by tomorrow morning,0
Foreign spies destroys all 500 rupee notes will be banned tomorrow in hidden documents,0
Anonymous source leaks that the earth is flat on the dark web,0
Indian Railways reviews new Vande Bharat express across India,1
Ministry of Finance implements healthcare scheme in Gujarat,1
DRDO approves budget allocation in Bangalore,1
Illuminati replaces a new virus spreading through audio messages by tomorrow morning,0
WhatsApp CEO confirms mind control microchips in vaccines in shocking revelation,0
Foreign spies controls that the earth is flat according to a viral message,0
SBI proposes defense strategy in parliament,1
DRDO reviews economic reform for the nation,1
Tata Motors launches economic reform across India,1
Delhi Government implements new Vande Bharat express for the nation,1
Reliance Industries launches defense strategy in parliament,1
Underground hackers leaks a new virus spreading through audio messages by tomorrow morning,0
Illuminati controls all 500 rupee notes will be banned tomorrow according to a viral message,0
Ministry of Finance develops digital initiative at the summit,1
Secret society secretly bans free laptops for everyone who forwards this message in secret meeting,0
ISRO signs new Vande Bharat express across India,1
Reliance Industries reviews new policy in Bangalore,1
Secret society hides a secret cure for all diseases in hidden documents,0
Delhi Government signs tax reduction at the summit,1
Foreign spies hides free laptops for everyone who forwards this message according to a viral message,0
Indian Railways develops new policy in Bangalore,1
Rahul Gandhi signs space mission in Gujarat,1
WhatsApp CEO replaces that India is the best country by tomorrow morning,0
Anonymous source confirms gold reserves found under the Red Fort in secret meeting,0
Ministry of Finance inaugurates digital initiative across India,1
WhatsApp CEO controls that India is the best country on the dark web,0
Secret society secretly bans all 500 rupee notes will be banned tomorrow in shocking revelation,0
WhatsApp CEO secretly bans gold reserves found under the Red Fort according to a viral message,0
Illuminati leaks that the earth is flat in a deleted tweet,0
ISRO approves budget allocation for the nation,1
Delhi Government approves economic reform at the summit,1
Supreme Court signs tax reduction in Bangalore,1
Anonymous source declares that India is the best country in hidden documents,0
Viral forward destroys gold reserves found under the Red Fort on the dark web,0
Reliance Industries develops budget allocation in Gujarat,1
NASA leaks that the Taj Mahal is a spaceship in secret meeting,0
Tata Motors signs economic reform in parliament,1
Secret society controls mind control microchips in vaccines in hidden documents,0
Underground hackers hides mind control microchips in vaccines in shocking revelation,0
Rahul Gandhi signs new policy in parliament,1
Supreme Court develops defense strategy in Bangalore,1
Indian Army develops healthcare scheme in New Delhi,1
Rahul Gandhi signs defense strategy for the nation,1
Illuminati hides that India is the best country according to a viral message,0
DRDO signs defense strategy in Chennai,1
NASA destroys free laptops for everyone who forwards this message according to a viral message,0
Reliance Industries announces defense strategy in Gujarat,1
DRDO announces infrastructure project across India,1
Fake doctors secretly bans mind control microchips in vaccines in secret meeting,0
Fake doctors replaces free laptops for everyone who forwards this message in hidden documents,0
PM Modi approves new Vande Bharat express in Gujarat,1
Secret society leaks gold reserves found under the Red Fort according to a viral message,0
Illuminati controls free laptops for everyone who forwards this message on the dark web,0
Underground hackers hides that the Taj Mahal is a spaceship on the dark web,0
Foreign spies replaces all 500 rupee notes will be banned tomorrow on the dark web,0
Time travelers declares mind control microchips in vaccines on the dark web,0
Ministry of Finance signs tax reduction in Mumbai,1
DRDO launches economic reform in Bangalore,1
RBI proposes healthcare scheme in Gujarat,1
Foreign spies destroys a new virus spreading through audio messages on the dark web,0
Fake doctors secretly bans that the Taj Mahal is a spaceship by tomorrow morning,0
Rahul Gandhi approves healthcare scheme in Gujarat,1
Foreign spies replaces that the earth is flat in a deleted tweet,0
Tata Motors reviews budget allocation in Chennai,1
Indian Railways approves infrastructure project in Chennai,1
PM Modi develops digital initiative in Mumbai,1
ISRO approves new Vande Bharat express at the summit,1
Underground hackers controls free laptops for everyone who forwards this message in secret meeting,0
Indian Railways announces defense strategy at the summit,1
Illuminati hides a new virus spreading through audio messages in hidden documents,0
WhatsApp CEO destroys mind control microchips in vaccines according to a viral message,0
Anonymous source leaks mind control microchips in vaccines according to a viral message,0
Fake doctors discovers that the Taj Mahal is a spaceship on the dark web,0
Indian Army launches new policy in New Delhi,1
BCCI announces new Vande Bharat express at the summit,1
UNESCO destroys free laptops for everyone who forwards this message by tomorrow morning,0
Rahul Gandhi inaugurates budget allocation for the nation,1
BCCI inaugurates new policy in Gujarat,1
Indian Railways launches digital initiative at the summit,1
Viral forward declares gold reserves found under the Red Fort in hidden documents,0
Viral forward controls that the Taj Mahal is a spaceship in secret meeting,0
Anonymous source declares a new virus spreading through audio messages by tomorrow morning,0
Niti Aayog signs healthcare scheme across India,1
Illuminati destroys a secret cure for all diseases in secret meeting,0
WhatsApp CEO discovers that the earth is flat in shocking revelation,0
Indian Railways reviews tax reduction in Gujarat,1
PM Modi implements new policy in parliament,1
Fake doctors confirms gold reserves found under the Red Fort according to a viral message,0
Delhi Government announces tax reduction across India,1
Underground hackers replaces gold reserves found under the Red Fort by tomorrow morning,0
Election Commission signs defense strategy in parliament,1
Ministry of Finance announces digital initiative in Mumbai,1
Reliance Industries reviews budget allocation for the nation,1
Underground hackers hides gold reserves found under the Red Fort in hidden documents,0
Foreign spies declares that India is the best country in shocking revelation,0
Time travelers discovers that the Taj Mahal is a spaceship according to a viral message,0
Supreme Court implements digital initiative for the nation,1
Anonymous source replaces that the Taj Mahal is a spaceship in secret meeting,0
UNESCO controls free laptops for everyone who forwards this message in a deleted tweet,0
BCCI proposes new policy in Gujarat,1
Delhi Government develops budget allocation for the nation,1
Rahul Gandhi approves new Vande Bharat express across India,1
UNESCO discovers free laptops for everyone who forwards this message in a deleted tweet,0
Reliance Industries announces budget allocation in New Delhi,1
SBI launches economic reform at the summit,1
SBI develops space mission in Gujarat,1
Indian Army announces digital initiative in Gujarat,1
RBI announces economic reform in Mumbai,1
Time travelers discovers all 500 rupee notes will be banned tomorrow by tomorrow morning,0
Ministry of Finance proposes healthcare scheme in Chennai,1
Supreme Court proposes healthcare scheme in Bangalore,1
Tata Motors reviews healthcare scheme in Chennai,1
Underground hackers replaces gold reserves found under the Red Fort in shocking revelation,0
RBI inaugurates economic reform in Mumbai,1
Underground hackers destroys a new virus spreading through audio messages in a deleted tweet,0
Viral forward destroys a secret cure for all diseases in a deleted tweet,0
UNESCO confirms mind control microchips in vaccines in hidden documents,0
Indian Railways reviews new policy in Chennai,1
Niti Aayog inaugurates new policy in New Delhi,1
Underground hackers declares that the earth is flat on the dark web,0
DRDO inaugurates new policy in Bangalore,1
Secret society confirms that India is the best country on the dark web,0
Time travelers declares all 500 rupee notes will be banned tomorrow in hidden documents,0
Supreme Court approves new Vande Bharat express in Bangalore,1
Tata Motors launches infrastructure project in Bangalore,1
Foreign spies confirms all 500 rupee notes will be banned tomorrow on the dark web,0
Ministry of Finance develops economic reform in Gujarat,1
Underground hackers secretly bans a secret cure for all diseases on the dark web,0
Secret society hides free laptops for everyone who forwards this message on the dark web,0
Niti Aayog approves budget allocation in Mumbai,1
Time travelers declares mind control microchips in vaccines in shocking revelation,0
Reliance Industries launches new Vande Bharat express in parliament,1
WhatsApp CEO hides a new virus spreading through audio messages by tomorrow morning,0
ISRO implements healthcare scheme in Gujarat,1
SBI launches new Vande Bharat express in Mumbai,1
Tata Motors inaugurates budget allocation across India,1
RBI implements digital initiative in parliament,1
Illuminati hides free laptops for everyone who forwards this message in a deleted tweet,0
UNESCO declares free laptops for everyone who forwards this message in shocking revelation,0
Time travelers controls that the Taj Mahal is a spaceship in hidden documents,0
Illuminati destroys that the Taj Mahal is a spaceship in shocking revelation,0
RBI launches healthcare scheme in Mumbai,1
ISRO develops space mission across India,1
Indian Railways signs new Vande Bharat express at the summit,1
Tata Motors implements economic reform in Mumbai,1
UNESCO leaks all 500 rupee notes will be banned tomorrow in secret meeting,0
RBI develops infrastructure project in Bangalore,1
Delhi Government proposes economic reform in Bangalore,1
Delhi Government launches new Vande Bharat express in New Delhi,1
Niti Aayog launches healthcare scheme at the summit,1
Foreign spies hides a secret cure for all diseases in hidden documents,0
Indian Army approves space mission for the nation,1
Election Commission proposes defense strategy in parliament,1
Time travelers leaks that the Taj Mahal is a spaceship by tomorrow morning,0
UNESCO hides gold reserves found under the Red Fort in shocking revelation,0
Time travelers replaces that the Taj Mahal is a spaceship by tomorrow morning,0
NASA secretly bans all 500 rupee notes will be banned tomorrow in shocking revelation,0
SBI announces new policy in New Delhi,1
Secret society secretly bans that India is the best country in a deleted tweet,0
Viral forward discovers a secret cure for all diseases in secret meeting,0
Rahul Gandhi approves healthcare scheme across India,1
Illuminati secretly bans that India is the best country in secret meeting,0
Indian Army proposes new policy in Gujarat,1
ISRO implements healthcare scheme for the nation,1
WhatsApp CEO declares gold reserves found under the Red Fort according to a viral message,0
ISRO inaugurates budget allocation for the nation,1
Supreme Court develops defense strategy for the nation,1
Indian Army approves budget allocation at the summit,1
Reliance Industries approves defense strategy in Bangalore,1
Time travelers replaces a secret cure for all diseases in secret meeting,0
RBI develops infrastructure project in Chennai,1
Viral forward discovers that the Taj Mahal is a spaceship in secret meeting,0
Fake doctors leaks mind control microchips in vaccines by tomorrow morning,0
Rahul Gandhi implements tax reduction in New Delhi,1
Foreign spies hides free laptops for everyone who forwards this message in shocking revelation,0
ISRO launches tax reduction in Mumbai,1
Ministry of Finance implements infrastructure project at the summit,1
Supreme Court reviews new policy in Mumbai,1
UNESCO controls that the Taj Mahal is a spaceship in secret meeting,0
Indian Army reviews new policy for the nation,1
Supreme Court implements new Vande Bharat express in Bangalore,1
ISRO reviews space mission in Bangalore,1
Viral forward confirms that the Taj Mahal is a spaceship according to a viral message,0
ISRO inaugurates healthcare scheme in parliament,1
NASA controls that the earth is flat in hidden documents,0
Delhi Government implements digital initiative across India,1
Viral forward hides free laptops for everyone who forwards this message on the dark web,0
Fake doctors confirms a secret cure for all diseases according to a viral message,0
SBI announces space mission in Chennai,1
Underground hackers destroys all 500 rupee notes will be banned tomorrow in a deleted tweet,0
DRDO proposes defense strategy at the summit,1
Supreme Court reviews infrastructure project in Chennai,1
RBI reviews new policy in Gujarat,1
DRDO implements tax reduction in Bangalore,1
Secret society secretly bans that India is the best country by tomorrow morning,0
RBI signs new Vande Bharat express in Mumbai,1
ISRO approves budget allocation in Gujarat,1
NASA secretly bans free laptops for everyone who forwards this message in hidden documents,0
Secret society controls gold reserves found under the Red Fort in shocking revelation,0
Indian Army proposes healthcare scheme in Mumbai,1
Ministry of Finance signs economic reform in Chennai,1
Underground hackers replaces gold reserves found under the Red Fort in a deleted tweet,0
Rahul Gandhi implements new Vande Bharat express across India,1
Indian Railways reviews economic reform for the nation,1
Anonymous source leaks a secret cure for all diseases in hidden documents,0
Rahul Gandhi announces new Vande Bharat express across India,1
Fake doctors confirms that the Taj Mahal is a spaceship in secret meeting,0
Election Commission approves budget allocation at the summit,1
Foreign spies destroys that the earth is flat according to a viral message,0
Ministry of Finance signs new policy across India,1
Niti Aayog inaugurates new policy in Chennai,1
Rahul Gandhi announces defense strategy in Gujarat,1
DRDO proposes new Vande Bharat express in New Delhi,1
RBI signs tax reduction for the nation,1
DRDO announces infrastructure project for the nation,1
Supreme Court implements economic reform in Bangalore,1
Supreme Court develops new policy in Bangalore,1
Fake doctors declares that the earth is flat by tomorrow morning,0
Rahul Gandhi inaugurates budget allocation in Mumbai,1
BCCI develops tax reduction in New Delhi,1
WhatsApp CEO controls that India is the best country by tomorrow morning,0
Reliance Industries announces new policy for the nation,1
Illuminati destroys a new virus spreading through audio messages in hidden documents,0
Foreign spies declares that the Taj Mahal is a spaceship by tomorrow morning,0
UNESCO confirms mind control microchips in vaccines according to a viral message,0
Supreme Court reviews healthcare scheme in Chennai,1
Rahul Gandhi inaugurates new Vande Bharat express in Bangalore,1
SBI launches economic reform across India,1
Rahul Gandhi implements new policy for the nation,1
Secret society declares that India is the best country in shocking revelation,0
Indian Army launches tax reduction for the nation,1
Illuminati hides all 500 rupee notes will be banned tomorrow in a deleted tweet,0
Election Commission launches new Vande Bharat express in New Delhi,1
Secret society destroys gold reserves found under the Red Fort in shocking revelation,0
Viral forward declares a new virus spreading through audio messages according to a viral message,0
Viral forward discovers that India is the best country in shocking revelation,0
BCCI announces new policy at the summit,1
Time travelers replaces all 500 rupee notes will be banned tomorrow according to a viral message,0
DRDO inaugurates new policy in parliament,1
RBI inaugurates infrastructure project across India,1
RBI announces healthcare scheme in Chennai,1
Reliance Industries approves new Vande Bharat express at the summit,1
Election Commission announces infrastructure project in New Delhi,1
Rahul Gandhi approves new Vande Bharat express at the summit,1
Underground hackers replaces that the Taj Mahal is a spaceship in a deleted tweet,0
Indian Army reviews space mission across India,1
Delhi Government inaugurates defense strategy in Mumbai,1
Viral forward controls mind control microchips in vaccines on the dark web,0
Illuminati hides mind control microchips in vaccines on the dark web,0
WhatsApp CEO discovers all 500 rupee notes will be banned tomorrow on the dark web,0
Niti Aayog reviews new policy at the summit,1
SBI implements digital initiative in parliament,1
Reliance Industries inaugurates new policy in Mumbai,1
Election Commission reviews budget allocation in Bangalore,1
SBI inaugurates new Vande Bharat express across India,1
Underground hackers replaces all 500 rupee notes will be banned tomorrow by tomorrow morning,0
Anonymous source declares mind control microchips in vaccines according to a viral message,0
Secret society controls that the earth is flat in secret meeting,0
Anonymous source hides a secret cure for all diseases in a deleted tweet,0
Tata Motors proposes infrastructure project in Bangalore,1
Fake doctors confirms that the Taj Mahal is a spaceship on the dark web,0
SBI signs defense strategy across India,1
RBI signs budget allocation at the summit,1
Secret society secretly bans gold reserves found under the Red Fort in hidden documents,0
Secret society destroys that India is the best country by tomorrow morning,0
Illuminati leaks a secret cure for all diseases according to a viral message,0
DRDO develops new policy in Chennai,1
Underground hackers replaces that India is the best country in shocking revelation,0
RBI approves new Vande Bharat express in parliament,1
Delhi Government proposes infrastructure project at the summit,1
NASA hides a new virus spreading through audio messages according to a viral message,0
PM Modi approves economic reform in Chennai,1
WhatsApp CEO hides all 500 rupee notes will be banned tomorrow by tomorrow morning,0
Tata Motors reviews tax reduction in Mumbai,1
Niti Aayog launches new policy across India,1
RBI implements defense strategy in Bangalore,1
Indian Railways inaugurates healthcare scheme for the nation,1
SBI launches new Vande Bharat express in New Delhi,1
Delhi Government approves space mission in Mumbai,1
Secret society controls free laptops for everyone who forwards this message on the dark web,0
PM Modi announces budget allocation in New Delhi,1
Ministry of Finance implements budget allocation in Gujarat,1
SBI inaugurates new Vande Bharat express at the summit,1
Indian Railways implements economic reform in Mumbai,1
DRDO approves tax reduction in New Delhi,1
Foreign spies replaces mind control microchips in vaccines by tomorrow morning,0
Indian Railways inaugurates new policy in New Delhi,1
Indian Army launches economic reform in Bangalore,1
NASA secretly bans a secret cure for all diseases on the dark web,0
SBI signs budget allocation in Gujarat,1
Illuminati declares that the earth is flat in shocking revelation,0
DRDO approves healthcare scheme in Mumbai,1
Ministry of Finance inaugurates infrastructure project in Mumbai,1
ISRO announces budget allocation at the summit,1
SBI signs economic reform at the summit,1
Niti Aayog inaugurates infrastructure project for the nation,1
Anonymous source destroys that the Taj Mahal is a spaceship according to a viral message,0
Foreign spies controls a secret cure for all diseases by tomorrow morning,0
Ministry of Finance develops tax reduction for the nation,1
Ministry of Finance develops infrastructure project in Bangalore,1
NASA secretly bans mind control microchips in vaccines by tomorrow morning,0
ISRO reviews infrastructure project for the nation,1
Rahul Gandhi announces defense strategy across India,1
Anonymous source destroys free laptops for everyone who forwards this message in a deleted tweet,0
Rahul Gandhi reviews budget allocation in Gujarat,1
UNESCO controls that India is the best country in hidden documents,0
Rahul Gandhi announces new policy in Gujarat,1
Election Commission inaugurates new policy in Mumbai,1
Time travelers secretly bans that the earth is flat in hidden documents,0
SBI inaugurates budget allocation in parliament,1
Delhi Government proposes infrastructure project for the nation,1
Election Commission inaugurates infrastructure project in parliament,1
Supreme Court signs tax reduction in New Delhi,1
Anonymous source leaks that the Taj Mahal is a spaceship according to a viral message,0
ISRO implements infrastructure project in Chennai,1
Secret society replaces all 500 rupee notes will be banned tomorrow by tomorrow morning,0
ISRO signs economic reform at the summit,1
UNESCO destroys that the Taj Mahal is a spaceship by tomorrow morning,0
ISRO signs economic reform across India,1
RBI develops tax reduction in Bangalore,1
Indian Army implements new Vande Bharat express at the summit,1
Tata Motors launches new policy in Bangalore,1
Foreign spies confirms that the Taj Mahal is a spaceship by tomorrow morning,0
Delhi Government approves economic reform for the nation,1
Indian Railways implements infrastructure project in Mumbai,1
Election Commission develops new policy in Chennai,1
Anonymous source controls a new virus spreading through audio messages in a deleted tweet,0
Indian Railways reviews digital initiative in parliament,1
RBI launches infrastructure project across India,1
Viral forward declares a new virus spreading through audio messages on the dark web,0
Indian Railways launches tax reduction in Mumbai,1
WhatsApp CEO hides free laptops for everyone who forwards this message in hidden documents,0
Indian Army develops healthcare scheme across India,1
Anonymous source leaks gold reserves found under the Red Fort in a deleted tweet,0
UNESCO hides all 500 rupee notes will be banned tomorrow in shocking revelation,0
BCCI inaugurates digital initiative in parliament,1
Foreign spies declares a new virus spreading through audio messages in secret meeting,0
Underground hackers destroys that the Taj Mahal is a spaceship on the dark web,0
Indian Railways approves new Vande Bharat express in Gujarat,1
Supreme Court implements healthcare scheme at the summit,1
Election Commission develops space mission in Bangalore,1
Secret society discovers gold reserves found under the Red Fort according to a viral message,0
Election Commission develops new Vande Bharat express for the nation,1
Delhi Government signs infrastructure project in Chennai,1
Anonymous source discovers that the Taj Mahal is a spaceship by tomorrow morning,0
Anonymous source controls gold reserves found under the Red Fort according to a viral message,0
Ministry of Finance launches defense strategy in Chennai,1
Delhi Government signs defense strategy in Bangalore,1
Illuminati secretly bans that the Taj Mahal is a spaceship by tomorrow morning,0
RBI inaugurates budget allocation in Chennai,1
Illuminati confirms that India is the best country in shocking revelation,0
Fake doctors destroys a new virus spreading through audio messages in hidden documents,0
Foreign spies confirms that India is the best country by tomorrow morning,0
Fake doctors destroys free laptops for everyone who forwards this message in a deleted tweet,0
Reliance Industries implements defense strategy at the summit,1
SBI reviews new Vande Bharat express in Chennai,1
Supreme Court implements defense strategy in Gujarat,1
WhatsApp CEO leaks a secret cure for all diseases according to a viral message,0
NASA hides a new virus spreading through audio messages in shocking revelation,0
Foreign spies secretly bans that the Taj Mahal is a spaceship according to a viral message,0
Fake doctors hides gold reserves found under the Red Fort according to a viral message,0
WhatsApp CEO destroys a new virus spreading through audio messages in a deleted tweet,0
Indian Railways implements defense strategy in Bangalore,1
Election Commission reviews new Vande Bharat express in Chennai,1
Secret society discovers that the earth is flat in hidden documents,0
Secret society controls that the Taj Mahal is a spaceship in hidden documents,0
Foreign spies confirms free laptops for everyone who forwards this message in hidden documents,0
Illuminati confirms free laptops for everyone who forwards this message in a deleted tweet,0
Secret society replaces a secret cure for all diseases on the dark web,0
Illuminati declares that India is the best country in hidden documents,0
Time travelers declares all 500 rupee notes will be banned tomorrow in secret meeting,0
Underground hackers discovers a secret cure for all diseases in secret meeting,0
UNESCO leaks a new virus spreading through audio messages by tomorrow morning,0
PM Modi announces new Vande Bharat express in Gujarat,1
Ministry of Finance develops infrastructure project for the nation,1
Supreme Court develops tax reduction in Mumbai,1
Viral forward secretly bans a secret cure for all diseases in a deleted tweet,0
Illuminati destroys mind control microchips in vaccines in a deleted tweet,0
Fake doctors controls mind control microchips in vaccines in shocking revelation,0
Viral forward discovers a new virus spreading through audio messages on the dark web,0
ISRO inaugurates defense strategy for the nation,1
WhatsApp CEO controls free laptops for everyone who forwards this message in a deleted tweet,0
NASA hides mind control microchips in vaccines in shocking revelation,0
Time travelers secretly bans mind control microchips in vaccines in a deleted tweet,0
WhatsApp CEO leaks all 500 rupee notes will be banned tomorrow according to a viral message,0
NASA secretly bans that the earth is flat in hidden documents,0
BCCI signs infrastructure project in Bangalore,1
BCCI inaugurates infrastructure project in New Delhi,1
Niti Aayog develops healthcare scheme in Chennai,1
Indian Army inaugurates healthcare scheme for the nation,1
Rahul Gandhi implements economic reform at the summit,1
WhatsApp CEO destroys a secret cure for all diseases according to a viral message,0
Indian Railways approves space mission across India,1
Ministry of Finance inaugurates tax reduction in Chennai,1
ISRO approves digital initiative in parliament,1
BCCI reviews budget allocation in Mumbai,1
Reliance Industries signs defense strategy in parliament,1
Secret society confirms a new virus spreading through audio messages in a deleted tweet,0
Supreme Court proposes infrastructure project in parliament,1
DRDO launches healthcare scheme for the nation,1
SBI develops economic reform in Mumbai,1
Election Commission proposes digital initiative for the nation,1
NASA declares that the earth is flat in a deleted tweet,0
Illuminati confirms that the Taj Mahal is a spaceship in hidden documents,0
Viral forward confirms gold reserves found under the Red Fort according to a viral message,0
Foreign spies controls a secret cure for all diseases in secret meeting,0
Secret society replaces that the Taj Mahal is a spaceship in shocking revelation,0
UNESCO replaces a secret cure for all diseases by tomorrow morning,0
WhatsApp CEO discovers a new virus spreading through audio messages by tomorrow morning,0
Ministry of Finance signs infrastructure project in Chennai,1
Foreign spies leaks all 500 rupee notes will be banned tomorrow in a deleted tweet,0
WhatsApp CEO secretly bans all 500 rupee notes will be banned tomorrow on the dark web,0
Supreme Court inaugurates new Vande Bharat express in Bangalore,1
Election Commission develops healthcare scheme in New Delhi,1
Secret society destroys free laptops for everyone who forwards this message in hidden documents,0
Delhi Government implements space mission across India,1
Supreme Court proposes digital initiative across India,1
ISRO inaugurates new policy in Gujarat,1
WhatsApp CEO destroys a new virus spreading through audio messages according to a viral message,0
SBI develops digital initiative in parliament,1
Indian Army implements budget allocation in Chennai,1
Viral forward replaces a new virus spreading through audio messages on the dark web,0
Rahul Gandhi proposes healthcare scheme in Chennai,1
Rahul Gandhi approves digital initiative in Chennai,1
Underground hackers discovers free laptops for everyone who forwards this message in a deleted tweet,0
Ministry of Finance inaugurates budget allocation for the nation,1
UNESCO replaces free laptops for everyone who forwards this message in shocking revelation,0
RBI signs digital initiative across India,1
Indian Railways develops tax reduction in Bangalore,1
Rahul Gandhi announces infrastructure project in Bangalore,1
Indian Army signs new Vande Bharat express at the summit,1
Indian Army launches budget allocation at the summit,1
PM Modi implements defense strategy at the summit,1
Rahul Gandhi announces tax reduction in Gujarat,1
Indian Army reviews space mission in Mumbai,1
Delhi Government launches economic reform in New Delhi,1
Foreign spies secretly bans mind control microchips in vaccines in shocking revelation,0
Illuminati destroys mind control microchips in vaccines by tomorrow morning,0
Reliance Industries signs budget allocation for the nation,1
RBI reviews healthcare scheme for the nation,1
Indian Railways announces economic reform in Bangalore,1
NASA leaks all 500 rupee notes will be banned tomorrow in a deleted tweet,0
Delhi Government reviews healthcare scheme in Chennai,1
Ministry of Finance reviews budget allocation in Gujarat,1
RBI approves new policy in Bangalore,1
NASA declares a secret cure for all diseases on the dark web,0
UNESCO replaces a secret cure for all diseases in shocking revelation,0
BCCI launches space mission in parliament,1
Underground hackers discovers that the Taj Mahal is a spaceship in hidden documents,0
Underground hackers declares that India is the best country in shocking revelation,0
Illuminati declares a new virus spreading through audio messages by tomorrow morning,0
UNESCO replaces mind control microchips in vaccines on the dark web,0
SBI reviews infrastructure project in Bangalore,1
DRDO reviews digital initiative in parliament,1
Fake doctors confirms a new virus spreading through audio messages in hidden documents,0
Ministry of Finance announces new policy in parliament,1
Anonymous source declares a secret cure for all diseases by tomorrow morning,0
Viral forward confirms that the earth is flat in a deleted tweet,0
Supreme Court signs new policy for the nation,1
NASA controls free laptops for everyone who forwards this message in shocking revelation,0
Fake doctors leaks mind control microchips in vaccines in secret meeting,0
Underground hackers discovers mind control microchips in vaccines in secret meeting,0
Reliance Industries reviews tax reduction in Bangalore,1
ISRO proposes space mission in Chennai,1
Rahul Gandhi inaugurates digital initiative at the summit,1
Rahul Gandhi inaugurates digital initiative across India,1
Viral forward secretly bans gold reserves found under the Red Fort in secret meeting,0
RBI signs economic reform in parliament,1
Election Commission implements tax reduction in Mumbai,1
SBI launches new Vande Bharat express in parliament,1
Viral forward secretly bans that the earth is flat in hidden documents,0
Foreign spies replaces a secret cure for all diseases in shocking revelation,0
Underground hackers destroys mind control microchips in vaccines in shocking revelation,0
Election Commission launches tax reduction in Mumbai,1
Indian Railways signs economic reform at the summit,1
Supreme Court inaugurates budget allocation in Chennai,1
Rahul Gandhi launches space mission in Gujarat,1
Reliance Industries launches space mission in Bangalore,1
Underground hackers replaces that the Taj Mahal is a spaceship according to a viral message,0
DRDO signs new policy in Chennai,1
BCCI announces defense strategy in Chennai,1
Foreign spies confirms all 500 rupee notes will be banned tomorrow in shocking revelation,0
BCCI proposes healthcare scheme in Chennai,1
Reliance Industries develops budget allocation for the nation,1
Anonymous source leaks that the earth is flat in shocking revelation,0
Foreign spies destroys a secret cure for all diseases on the dark web,0
Underground hackers confirms all 500 rupee notes will be banned tomorrow according to a viral message,0
Ministry of Finance launches healthcare scheme for the nation,1
Anonymous source destroys a secret cure for all diseases in a deleted tweet,0
Anonymous source leaks that the Taj Mahal is a spaceship on the dark web,0
Underground hackers destroys a secret cure for all diseases in secret meeting,0
PM Modi develops new policy across India,1
RBI proposes budget allocation at the summit,1
Election Commission inaugurates space mission in Chennai,1
NASA discovers a secret cure for all diseases by tomorrow morning,0
Indian Army launches economic reform in Mumbai,1
NASA replaces all 500 rupee notes will be banned tomorrow according to a viral message,0
Tata Motors implements new policy in New Delhi,1
NASA discovers free laptops for everyone who forwards this message in a deleted tweet,0
Rahul Gandhi reviews tax reduction in New Delhi,1
Illuminati secretly bans free laptops for everyone who forwards this message according to a viral message,0
Ministry of Finance reviews defense strategy in Chennai,1
Reliance Industries reviews new Vande Bharat express in Bangalore,1
Delhi Government launches defense strategy at the summit,1
UNESCO destroys a secret cure for all diseases in a deleted tweet,0
WhatsApp CEO confirms that the Taj Mahal is a spaceship by tomorrow morning,0
Fake doctors controls that the Taj Mahal is a spaceship by tomorrow morning,0
Underground hackers destroys that India is the best country in a deleted tweet,0
Fake doctors replaces a secret cure for all diseases in secret meeting,0
ISRO implements new policy in Bangalore,1
WhatsApp CEO declares free laptops for everyone who forwards this message in shocking revelation,0
Secret society declares gold reserves found under the Red Fort in a deleted tweet,0
Supreme Court inaugurates budget allocation in Bangalore,1
UNESCO hides gold reserves found under the Red Fort by tomorrow morning,0
UNESCO leaks a new virus spreading through audio messages in shocking revelation,0
Delhi Government launches tax reduction in Chennai,1
Election Commission develops defense strategy in Mumbai,1
Ministry of Finance inaugurates digital initiative in Gujarat,1
Time travelers secretly bans gold reserves found under the Red Fort in secret meeting,0
Underground hackers destroys all 500 rupee notes will be banned tomorrow by tomorrow morning,0
Viral forward destroys free laptops for everyone who forwards this message in hidden documents,0
DRDO announces tax reduction at the summit,1
BCCI develops new Vande Bharat express in Bangalore,1
UNESCO hides that the earth is flat according to a viral message,0
SBI approves digital initiative across India,1
Illuminati leaks a new virus spreading through audio messages according to a viral message,0
Indian Railways inaugurates infrastructure project for the nation,1
NASA controls a new virus spreading through audio messages in hidden documents,0
Underground hackers discovers that the Taj Mahal is a spaceship by tomorrow morning,0
Tata Motors launches tax reduction in Mumbai,1
UNESCO discovers mind control microchips in vaccines on the dark web,0
ISRO reviews economic reform for the nation,1
Delhi Government signs infrastructure project in parliament,1
Tata Motors launches economic reform in parliament,1
SBI implements infrastructure project in Chennai,1
Rahul Gandhi signs space mission across India,1
BCCI proposes economic reform at the summit,1
RBI develops defense strategy in parliament,1
Secret society destroys free laptops for everyone who forwards this message by tomorrow morning,0
UNESCO discovers a secret cure for all diseases in hidden documents,0
DRDO launches space mission at the summit,1
Fake doctors controls a new virus spreading through audio messages in a deleted tweet,0
Anonymous source declares mind control microchips in vaccines by tomorrow morning,0
Underground hackers discovers free laptops for everyone who forwards this message on the dark web,0
Reliance Industries inaugurates economic reform in Bangalore,1
NASA confirms gold reserves found under the Red Fort in a deleted tweet,0
Supreme Court proposes new Vande Bharat express in Mumbai,1
Illuminati secretly bans a secret cure for all diseases in hidden documents,0
Illuminati secretly bans that India is the best country in hidden documents,0
Viral forward controls that India is the best country by tomorrow morning,0
ISRO announces budget allocation in New Delhi,1
Reliance Industries announces new policy in Bangalore,1
WhatsApp CEO controls that India is the best country according to a viral message,0
PM Modi announces digital initiative across India,1
Election Commission inaugurates budget allocation for the nation,1
Indian Army proposes infrastructure project in Mumbai,1
NASA replaces that the Taj Mahal is a spaceship in a deleted tweet,0
Secret society controls a secret cure for all diseases according to a viral message,0
Time travelers destroys that India is the best country in shocking revelation,0
Underground hackers hides that India is the best country in a deleted tweet,0
Anonymous source controls a new virus spreading through audio messages on the dark web,0
RBI proposes tax reduction in New Delhi,1
Indian Army approves new Vande Bharat express for the nation,1
BCCI implements defense strategy in Gujarat,1
DRDO signs economic reform in Chennai,1
Reliance Industries inaugurates digital initiative for the nation,1
Ministry of Finance signs new Vande Bharat express at the summit,1
WhatsApp CEO discovers gold reserves found under the Red Fort on the dark web,0
Niti Aayog signs budget allocation for the nation,1
Secret society confirms free laptops for everyone who forwards this message on the dark web,0
Reliance Industries reviews defense strategy at the summit,1
PM Modi inaugurates digital initiative in Gujarat,1
BCCI signs defense strategy in Bangalore,1
Indian Railways signs new policy in Chennai,1
PM Modi implements new Vande Bharat express in parliament,1
Secret society hides a new virus spreading through audio messages on the dark web,0
Niti Aayog launches new Vande Bharat express in Chennai,1
Tata Motors launches tax reduction in Gujarat,1
SBI implements infrastructure project in Bangalore,1
Niti Aayog reviews budget allocation across India,1
Viral forward destroys that India is the best country in shocking revelation,0
PM Modi inaugurates tax reduction across India,1
ISRO reviews new policy at the summit,1
Indian Railways launches new Vande Bharat express in Gujarat,1
Supreme Court approves new Vande Bharat express in New Delhi,1
BCCI signs infrastructure project across India,1
Foreign spies hides all 500 rupee notes will be banned tomorrow in a deleted tweet,0
WhatsApp CEO secretly bans all 500 rupee notes will be banned tomorrow according to a viral message,0
Reliance Industries reviews space mission in Bangalore,1
NASA replaces that India is the best country by tomorrow morning,0
Underground hackers hides a new virus spreading through audio messages according to a viral message,0
WhatsApp CEO replaces free laptops for everyone who forwards this message by tomorrow morning,0
Rahul Gandhi reviews healthcare scheme in New Delhi,1
Underground hackers discovers that the Taj Mahal is a spaceship on the dark web,0
Rahul Gandhi approves new policy across India,1
ISRO proposes new Vande Bharat express in Mumbai,1
Niti Aayog inaugurates economic reform in New Delhi,1
Reliance Industries implements infrastructure project at the summit,1
Indian Army launches digital initiative in New Delhi,1
Anonymous source leaks a new virus spreading through audio messages on the dark web,0
Supreme Court launches new Vande Bharat express in Chennai,1
WhatsApp CEO secretly bans a new virus spreading through audio messages in secret meeting,0
Election Commission implements space mission across India,1
Election Commission implements digital initiative in Gujarat,1
WhatsApp CEO replaces all 500 rupee notes will be banned tomorrow in shocking revelation,0
Illuminati declares that the earth is flat in hidden documents,0
Ministry of Finance inaugurates tax reduction in Gujarat,1
DRDO signs new Vande Bharat express in New Delhi,1
BCCI approves new Vande Bharat express in Bangalore,1
Anonymous source leaks that the Taj Mahal is a spaceship in hidden documents,0
DRDO announces tax reduction across India,1
DRDO launches budget allocation in Gujarat,1
Foreign spies destroys all 500 rupee notes will be banned tomorrow according to a viral message,0
BCCI inaugurates new Vande Bharat express in Mumbai,1
Rahul Gandhi signs infrastructure project across India,1
Indian Army inaugurates economic reform in Gujarat,1
Illuminati controls free laptops for everyone who forwards this message in hidden documents,0
Time travelers leaks all 500 rupee notes will be banned tomorrow in shocking revelation,0
ISRO approves defense strategy in New Delhi,1
Election Commission reviews healthcare scheme in Bangalore,1
Viral forward destroys that the Taj Mahal is a spaceship in shocking revelation,0
Reliance Industries implements new Vande Bharat express at the summit,1
Rahul Gandhi announces budget allocation in Mumbai,1
WhatsApp CEO hides that the Taj Mahal is a spaceship in shocking revelation,0
Time travelers leaks that the earth is flat in secret meeting,0
Viral forward destroys that the Taj Mahal is a spaceship according to a viral message,0
Illuminati controls that India is the best country on the dark web,0
Secret society leaks free laptops for everyone who forwards this message in hidden documents,0
UNESCO controls free laptops for everyone who forwards this message in secret meeting,0
Foreign spies secretly bans that India is the best country by tomorrow morning,0
Secret society destroys that the earth is flat on the dark web,0
Fake doctors declares gold reserves found under the Red Fort in hidden documents,0
Illuminati destroys that the Taj Mahal is a spaceship in a deleted tweet,0
Ministry of Finance launches new Vande Bharat express in Gujarat,1
Secret society replaces gold reserves found under the Red Fort in secret meeting,0
Tata Motors reviews infrastructure project in Gujarat,1
Election Commission approves space mission at the summit,1
Niti Aayog reviews healthcare scheme across India,1
Underground hackers declares that India is the best country in secret meeting,0
Ministry of Finance launches budget allocation across India,1
Viral forward hides gold reserves found under the Red Fort in secret meeting,0
Election Commission reviews new policy across India,1
NASA leaks that India is the best country in shocking revelation,0
DRDO proposes space mission in Mumbai,1
RBI reviews infrastructure project for the nation,1
Anonymous source discovers mind control microchips in vaccines in secret meeting,0
Time travelers leaks that India is the best country by tomorrow morning,0
SBI proposes digital initiative in Gujarat,1
Fake doctors secretly bans gold reserves found under the Red Fort according to a viral message,0
Illuminati destroys that the Taj Mahal is a spaceship in hidden documents,0
Time travelers replaces all 500 rupee notes will be banned tomorrow on the dark web,0
WhatsApp CEO discovers that the Taj Mahal is a spaceship in secret meeting,0
Foreign spies controls all 500 rupee notes will be banned tomorrow according to a viral message,0
Time travelers controls that India is the best country on the dark web,0
Secret society confirms mind control microchips in vaccines according to a viral message,0
WhatsApp CEO confirms free laptops for everyone who forwards this message by tomorrow morning,0
BCCI approves space mission across India,1
Underground hackers destroys that the earth is flat according to a viral message,0
Election Commission develops digital initiative in New Delhi,1
Election Commission implements budget allocation in parliament,1
Secret society confirms gold reserves found under the Red Fort by tomorrow morning,0
UNESCO declares that the Taj Mahal is a spaceship in secret meeting,0
DRDO launches budget allocation at the summit,1
UNESCO declares gold reserves found under the Red Fort by tomorrow morning,0
Fake doctors destroys that the earth is flat in a deleted tweet,0
Secret society destroys gold reserves found under the Red Fort on the dark web,0
Reliance Industries develops healthcare scheme in Chennai,1
BCCI announces defense strategy in parliament,1
Reliance Industries signs defense strategy in Bangalore,1
UNESCO discovers a new virus spreading through audio messages according to a viral message,0
SBI launches economic reform in Mumbai,1
Secret society confirms all 500 rupee notes will be banned tomorrow on the dark web,0
DRDO inaugurates digital initiative in New Delhi,1
Election Commission approves healthcare scheme in parliament,1
Rahul Gandhi reviews tax reduction in Mumbai,1
Time travelers discovers a secret cure for all diseases according to a viral message,0
Delhi Government launches budget allocation in Chennai,1
NASA replaces that the Taj Mahal is a spaceship in secret meeting,0
Tata Motors inaugurates healthcare scheme in parliament,1
Rahul Gandhi signs tax reduction in New Delhi,1
Viral forward hides that India is the best country in hidden documents,0
Niti Aayog announces new Vande Bharat express in Mumbai,1
Secret society confirms gold reserves found under the Red Fort in secret meeting,0
Rahul Gandhi signs new Vande Bharat express in Bangalore,1
Underground hackers leaks that the Taj Mahal is a spaceship in shocking revelation,0
Viral forward controls that the Taj Mahal is a spaceship in hidden documents,0
WhatsApp CEO hides that India is the best country in shocking revelation,0
Foreign spies confirms a secret cure for all diseases in shocking revelation,0
Indian Railways proposes economic reform in Bangalore,1
DRDO implements economic reform at the summit,1
Fake doctors secretly bans all 500 rupee notes will be banned tomorrow in secret meeting,0
DRDO inaugurates new Vande Bharat express for the nation,1
ISRO approves space mission across India,1
Tata Motors announces defense strategy in parliament,1
Foreign spies hides free laptops for everyone who forwards this message by tomorrow morning,0
Illuminati replaces gold reserves found under the Red Fort in secret meeting,0
Supreme Court inaugurates infrastructure project in New Delhi,1
Rahul Gandhi announces space mission at the summit,1
Supreme Court announces space mission in parliament,1
Viral forward confirms mind control microchips in vaccines in a deleted tweet,0
Viral forward secretly bans that the Taj Mahal is a spaceship by tomorrow morning,0
Niti Aayog proposes infrastructure project in Gujarat,1
BCCI inaugurates tax reduction in parliament,1
ISRO implements healthcare scheme in parliament,1
Tata Motors develops space mission at the summit,1
Fake doctors controls free laptops for everyone who forwards this message on the dark web,0
Underground hackers hides a new virus spreading through audio messages in hidden documents,0
Anonymous source destroys a new virus spreading through audio messages in shocking revelation,0
ISRO inaugurates new Vande Bharat express in parliament,1
PM Modi proposes tax reduction across India,1
Anonymous source replaces gold reserves found under the Red Fort on the dark web,0
Tata Motors implements healthcare scheme in Gujarat,1
Fake doctors declares a secret cure for all diseases by tomorrow morning,0
Tata Motors signs new policy in Gujarat,1
PM Modi signs budget allocation in Chennai,1
ISRO approves tax reduction in Bangalore,1
Rahul Gandhi inaugurates new Vande Bharat express at the summit,1
UNESCO secretly bans a secret cure for all diseases in shocking revelation,0
Viral forward destroys that the Taj Mahal is a spaceship in hidden documents,0
Niti Aayog implements space mission in Bangalore,1
Secret society leaks a secret cure for all diseases in a deleted tweet,0
Ministry of Finance announces infrastructure project in Mumbai,1
NASA confirms free laptops for everyone who forwards this message according to a viral message,0
DRDO approves new Vande Bharat express in Bangalore,1
Indian Army reviews digital initiative in Chennai,1
Anonymous source declares mind control microchips in vaccines in hidden documents,0
Supreme Court announces digital initiative across India,1
BCCI develops economic reform at the summit,1
Supreme Court develops budget allocation in New Delhi,1
Tata Motors reviews new Vande Bharat express in Chennai,1
Secret society discovers mind control microchips in vaccines in hidden documents,0
Illuminati destroys mind control microchips in vaccines in secret meeting,0
Viral forward destroys that the earth is flat on the dark web,0
Delhi Government reviews economic reform in parliament,1
Illuminati leaks free laptops for everyone who forwards this message in secret meeting,0
Viral forward secretly bans that India is the best country by tomorrow morning,0
WhatsApp CEO controls a new virus spreading through audio messages on the dark web,0
Secret society hides mind control microchips in vaccines in a deleted tweet,0
Tata Motors launches infrastructure project in Chennai,1
Indian Railways announces new Vande Bharat express in Mumbai,1
Viral forward declares that the earth is flat in a deleted tweet,0
Ministry of Finance implements tax reduction in parliament,1
UNESCO discovers gold reserves found under the Red Fort by tomorrow morning,0
Indian Railways inaugurates new Vande Bharat express in Mumbai,1
ISRO implements budget allocation for the nation,1
Rahul Gandhi signs healthcare scheme in Bangalore,1
RBI approves tax reduction in Bangalore,1
Underground hackers replaces a secret cure for all diseases by tomorrow morning,0
Fake doctors confirms free laptops for everyone who forwards this message in secret meeting,0
Anonymous source leaks gold reserves found under the Red Fort on the dark web,0
Underground hackers destroys gold reserves found under the Red Fort on the dark web,0
RBI implements budget allocation in Gujarat,1
ISRO develops defense strategy at the summit,1
Tata Motors launches tax reduction at the summit,1
UNESCO leaks a secret cure for all diseases in a deleted tweet,0
Viral forward controls gold reserves found under the Red Fort in secret meeting,0
UNESCO controls gold reserves found under the Red Fort in secret meeting,0
Fake doctors secretly bans that the Taj Mahal is a spaceship on the dark web,0
Delhi Government launches budget allocation across India,1
DRDO approves economic reform in parliament,1
Illuminati replaces that the earth is flat in a deleted tweet,0
Reliance Industries reviews space mission in New Delhi,1
Ministry of Finance reviews economic reform in New Delhi,1
Time travelers discovers that India is the best country in shocking revelation,0
ISRO announces infrastructure project at the summit,1
ISRO develops digital initiative in Mumbai,1
UNESCO hides gold reserves found under the Red Fort in secret meeting,0
Viral forward secretly bans that the earth is flat according to a viral message,0
Secret society leaks all 500 rupee notes will be banned tomorrow according to a viral message,0
Election Commission develops economic reform in Chennai,1
RBI launches digital initiative in New Delhi,1
Reliance Industries launches digital initiative in Chennai,1
Rahul Gandhi launches economic reform across India,1
Anonymous source hides gold reserves found under the Red Fort by tomorrow morning,0
PM Modi develops budget allocation in parliament,1
Ministry of Finance approves infrastructure project across India,1
Illuminati declares mind control microchips in vaccines on the dark web,0
Anonymous source hides mind control microchips in vaccines in hidden documents,0
BCCI develops space mission in New Delhi,1
Niti Aayog reviews budget allocation in Mumbai,1
Rahul Gandhi approves space mission for the nation,1
Secret society hides that the Taj Mahal is a spaceship in shocking revelation,0
Rahul Gandhi announces new Vande Bharat express in Bangalore,1
Fake doctors confirms gold reserves found under the Red Fort in hidden documents,0
Fake doctors discovers that the earth is flat in secret meeting,0
Indian Army signs new policy in Chennai,1
BCCI develops space mission for the nation,1
Ministry of Finance launches digital initiative across India,1
UNESCO destroys mind control microchips in vaccines according to a viral message,0
Reliance Industries signs defense strategy in Gujarat,1
Anonymous source discovers that the earth is flat on the dark web,0
Time travelers secretly bans all 500 rupee notes will be banned tomorrow by tomorrow morning,0
Indian Railways announces defense strategy for the nation,1
Rahul Gandhi launches budget allocation in Mumbai,1
Time travelers controls a new virus spreading through audio messages in a deleted tweet,0
WhatsApp CEO secretly bans free laptops for everyone who forwards this message in a deleted tweet,0
Indian Railways approves digital initiative in Bangalore,1
WhatsApp CEO destroys that the earth is flat in a deleted tweet,0
WhatsApp CEO secretly bans free laptops for everyone who forwards this message according to a viral message,0
WhatsApp CEO discovers mind control microchips in vaccines in a deleted tweet,0
Foreign spies discovers a new virus spreading through audio messages in shocking revelation,0
Secret society confirms gold reserves found under the Red Fort according to a viral message,0
Anonymous source hides a secret cure for all diseases in hidden documents,0
Fake doctors replaces that the Taj Mahal is a spaceship on the dark web,0
Rahul Gandhi inaugurates defense strategy at the summit,1
Fake doctors secretly bans a secret cure for all diseases according to a viral message,0
Anonymous source destroys free laptops for everyone who forwards this message in shocking revelation,0
Underground hackers declares that the Taj Mahal is a spaceship according to a viral message,0
Time travelers replaces a new virus spreading through audio messages by tomorrow morning,0
Foreign spies hides all 500 rupee notes will be banned tomorrow according to a viral message,0
WhatsApp CEO declares that the Taj Mahal is a spaceship in secret meeting,0
Secret society replaces a secret cure for all diseases in hidden documents,0
PM Modi proposes healthcare scheme for the nation,1
Anonymous source controls that the earth is flat by tomorrow morning,0
Time travelers destroys that the earth is flat in shocking revelation,0
UNESCO confirms that the earth is flat by tomorrow morning,0
Rahul Gandhi develops healthcare scheme in Chennai,1
Time travelers secretly bans that the earth is flat on the dark web,0
Anonymous source destroys that the earth is flat according to a viral message,0
Rahul Gandhi develops budget allocation in New Delhi,1
WhatsApp CEO replaces mind control microchips in vaccines by tomorrow morning,0
Illuminati secretly bans that India is the best country in shocking revelation,0
Foreign spies discovers a new virus spreading through audio messages according to a viral message,0
Tata Motors develops new policy in New Delhi,1
BCCI proposes new policy in Chennai,1
Secret society confirms that India is the best country in a deleted tweet,0
UNESCO confirms gold reserves found under the Red Fort on the dark web,0
Illuminati discovers a secret cure for all diseases in hidden documents,0
SBI implements infrastructure project for the nation,1
Niti Aayog signs economic reform across India,1
WhatsApp CEO hides that the earth is flat in a deleted tweet,0
Anonymous source destroys a new virus spreading through audio messages on the dark web,0
Time travelers declares that India is the best country according to a viral message,0
Foreign spies hides a secret cure for all diseases in a deleted tweet,0
Time travelers secretly bans a new virus spreading through audio messages by tomorrow morning,0
NASA confirms that the earth is flat in shocking revelation,0
Reliance Industries inaugurates infrastructure project in New Delhi,1
SBI proposes space mission in Mumbai,1
Illuminati declares that the Taj Mahal is a spaceship by tomorrow morning,0
Secret society destroys all 500 rupee notes will be banned tomorrow by tomorrow morning,0
WhatsApp CEO confirms mind control microchips in vaccines in a deleted tweet,0
Reliance Industries proposes new policy in Gujarat,1
Election Commission signs infrastructure project in Chennai,1
DRDO announces new Vande Bharat express in Gujarat,1
Supreme Court signs new policy in parliament,1
Fake doctors leaks that India is the best country by tomorrow morning,0
Niti Aayog inaugurates digital initiative in Mumbai,1
UNESCO destroys a secret cure for all diseases on the dark web,0
Delhi Government signs budget allocation for the nation,1
UNESCO confirms that the earth is flat in secret meeting,0
Viral forward leaks all 500 rupee notes will be banned tomorrow in shocking revelation,0
Reliance Industries signs digital initiative at the summit,1
DRDO approves new policy across India,1
UNESCO discovers gold reserves found under the Red Fort in shocking revelation,0
Supreme Court proposes economic reform in Chennai,1
Fake doctors destroys mind control microchips in vaccines in hidden documents,0
Viral forward discovers that India is the best country in hidden documents,0
WhatsApp CEO hides mind control microchips in vaccines in a deleted tweet,0
Indian Army launches infrastructure project in Mumbai,1
Viral forward secretly bans free laptops for everyone who forwards this message by tomorrow morning,0
DRDO announces new Vande Bharat express in Mumbai,1
Tata Motors launches infrastructure project for the nation,1
Niti Aayog approves defense strategy at the summit,1
Indian Railways proposes space mission in Chennai,1
Foreign spies declares that India is the best country in secret meeting,0
Supreme Court implements tax reduction in Mumbai,1
Delhi Government launches tax reduction at the summit,1
Viral forward secretly bans that India is the best country in secret meeting,0
Supreme Court approves digital initiative in Chennai,1
Underground hackers confirms free laptops for everyone who forwards this message on the dark web,0
Election Commission announces economic reform in New Delhi,1
WhatsApp CEO leaks mind control microchips in vaccines on the dark web,0
ISRO reviews defense strategy across India,1
Tata Motors develops new policy in Gujarat,1
WhatsApp CEO replaces mind control microchips in vaccines in shocking revelation,0
RBI signs tax reduction in Mumbai,1
Rahul Gandhi inaugurates digital initiative in Bangalore,1
Underground hackers discovers that India is the best country in shocking revelation,0
Illuminati leaks a secret cure for all diseases in hidden documents,0
Secret society confirms a new virus spreading through audio messages on the dark web,0
Supreme Court implements tax reduction in New Delhi,1
ISRO reviews defense strategy at the summit,1
Illuminati declares that India is the best country in secret meeting,0
Niti Aayog approves economic reform at the summit,1
Secret society confirms a new virus spreading through audio messages in hidden documents,0
Secret society declares that the Taj Mahal is a spaceship by tomorrow morning,0
PM Modi signs healthcare scheme in Chennai,1
Anonymous source destroys that the Taj Mahal is a spaceship in hidden documents,0
RBI implements tax reduction in Bangalore,1
Election Commission announces healthcare scheme across India,1
Supreme Court approves new policy in New Delhi,1
UNESCO leaks a new virus spreading through audio messages according to a viral message,0
Delhi Government develops defense strategy at the summit,1
Illuminati controls all 500 rupee notes will be banned tomorrow in a deleted tweet,0
Foreign spies discovers free laptops for everyone who forwards this message in a deleted tweet,0
Niti Aayog launches digital initiative at the summit,1
Ministry of Finance proposes defense strategy across India,1
Time travelers discovers mind control microchips in vaccines in shocking revelation,0
Foreign spies discovers free laptops for everyone who forwards this message according to a viral message,0
Secret society declares all 500 rupee notes will be banned tomorrow in shocking revelation,0
Secret society destroys mind control microchips in vaccines by tomorrow morning,0
WhatsApp CEO replaces that the earth is flat on the dark web,0
RBI reviews space mission in Mumbai,1
Secret society discovers that India is the best country in shocking revelation,0
Illuminati declares all 500 rupee notes will be banned tomorrow in a deleted tweet,0
Rahul Gandhi announces healthcare scheme across India,1
NASA destroys that the Taj Mahal is a spaceship in hidden documents,0
Underground hackers confirms that the earth is flat on the dark web,0
Illuminati hides that the earth is flat in a deleted tweet,0
UNESCO controls gold reserves found under the Red Fort according to a viral message,0
Ministry of Finance signs healthcare scheme in New Delhi,1
Time travelers discovers that the Taj Mahal is a spaceship in shocking revelation,0
Time travelers destroys that India is the best country by tomorrow morning,0
Secret society destroys a secret cure for all diseases in secret meeting,0
Foreign spies destroys that the Taj Mahal is a spaceship on the dark web,0
Election Commission develops infrastructure project in Mumbai,1
RBI inaugurates space mission for the nation,1
Anonymous source hides a new virus spreading through audio messages according to a viral message,0
Secret society discovers a secret cure for all diseases on the dark web,0
Anonymous source hides that India is the best country in shocking revelation,0
WhatsApp CEO destroys that the Taj Mahal is a spaceship in shocking revelation,0
NASA secretly bans that India is the best country on the dark web,0
Delhi Government develops economic reform in Chennai,1
DRDO reviews tax reduction for the nation,1
Rahul Gandhi inaugurates budget allocation across India,1
Viral forward replaces mind control microchips in vaccines in a deleted tweet,0
Indian Railways inaugurates defense strategy across India,1
Underground hackers secretly bans that the earth is flat in shocking revelation,0
WhatsApp CEO secretly bans that the Taj Mahal is a spaceship by tomorrow morning,0
Delhi Government launches infrastructure project at the summit,1
Time travelers replaces mind control microchips in vaccines in secret meeting,0
PM Modi inaugurates digital initiative in Mumbai,1
Foreign spies secretly bans that the Taj Mahal is a spaceship in shocking revelation,0
Time travelers leaks all 500 rupee notes will be banned tomorrow by tomorrow morning,0
RBI develops healthcare scheme in Gujarat,1
Secret society declares mind control microchips in vaccines in hidden documents,0
BCCI inaugurates healthcare scheme at the summit,1
Delhi Government inaugurates healthcare scheme across India,1
UNESCO leaks that India is the best country on the dark web,0
Supreme Court approves digital initiative across India,1
Foreign spies destroys that India is the best country in hidden documents,0
Tata Motors implements infrastructure project in parliament,1
Underground hackers leaks that India is the best country in secret meeting,0
NASA destroys that India is the best country on the dark web,0
Fake doctors leaks all 500 rupee notes will be banned tomorrow according to a viral message,0
Illuminati replaces mind control microchips in vaccines in a deleted tweet,0
Indian Railways implements digital initiative in Chennai,1
NASA replaces all 500 rupee notes will be banned tomorrow on the dark web,0
DRDO proposes new policy for the nation,1
Indian Army proposes budget allocation in Gujarat,1
PM Modi develops defense strategy in Gujarat,1
Time travelers discovers gold reserves found under the Red Fort in secret meeting,0
Niti Aayog implements space mission across India,1
Reliance Industries launches tax reduction in New Delhi,1
Anonymous source controls that India is the best country in hidden documents,0
PM Modi launches space mission in New Delhi,1
BCCI proposes new Vande Bharat express in Chennai,1
Time travelers leaks a secret cure for all diseases in a deleted tweet,0
Niti Aayog proposes tax reduction in Mumbai,1
Reliance Industries launches new policy for the nation,1
RBI proposes defense strategy across India,1
Reliance Industries inaugurates new policy in parliament,1
WhatsApp CEO declares free laptops for everyone who forwards this message according to a viral message,0
Reliance Industries signs budget allocation in New Delhi,1
Ministry of Finance implements infrastructure project in Gujarat,1
Underground hackers leaks free laptops for everyone who forwards this message in secret meeting,0
Reliance Industries implements digital initiative in New Delhi,1
Anonymous source leaks that the earth is flat by tomorrow morning,0
Underground hackers destroys all 500 rupee notes will be banned tomorrow according to a viral message,0
Indian Railways launches infrastructure project at the summit,1
Secret society leaks free laptops for everyone who forwards this message in a deleted tweet,0
Election Commission proposes space mission in Mumbai,1
Reliance Industries proposes tax reduction in New Delhi,1
Ministry of Finance approves healthcare scheme at the summit,1
Time travelers declares a new virus spreading through audio messages in hidden documents,0
Secret society discovers mind control microchips in vaccines in secret meeting,0
Delhi Government proposes digital initiative in Chennai,1
BCCI develops digital initiative at the summit,1
Indian Army announces defense strategy at the summit,1
Viral forward confirms that the earth is flat by tomorrow morning,0
Supreme Court develops digital initiative in Mumbai,1
ISRO develops economic reform at the summit,1
Foreign spies leaks that India is the best country in shocking revelation,0
Delhi Government launches tax reduction across India,1
DRDO approves tax reduction in Chennai,1
WhatsApp CEO replaces a secret cure for all diseases according to a viral message,0
Underground hackers replaces that the earth is flat in secret meeting,0
Delhi Government launches new policy in Gujarat,1
Time travelers destroys gold reserves found under the Red Fort in a deleted tweet,0
Rahul Gandhi signs economic reform for the nation,1
WhatsApp CEO destroys gold reserves found under the Red Fort in secret meeting,0
Supreme Court signs tax reduction in Gujarat,1
UNESCO secretly bans gold reserves found under the Red Fort in shocking revelation,0
Secret society controls gold reserves found under the Red Fort by tomorrow morning,0
Foreign spies leaks free laptops for everyone who forwards this message in hidden documents,0
Supreme Court approves infrastructure project in parliament,1
RBI implements budget allocation in Bangalore,1
DRDO reviews new Vande Bharat express across India,1
Secret society hides mind control microchips in vaccines on the dark web,0
WhatsApp CEO replaces a new virus spreading through audio messages in hidden documents,0
Indian Railways inaugurates digital initiative at the summit,1
NASA confirms free laptops for everyone who forwards this message in hidden documents,0
Secret society declares free laptops for everyone who forwards this message in shocking revelation,0
Reliance Industries proposes digital initiative in parliament,1
Tata Motors announces space mission across India,1
Time travelers replaces mind control microchips in vaccines according to a viral message,0
Time travelers discovers a new virus spreading through audio messages according to a viral message,0
Election Commission inaugurates new Vande Bharat express in Bangalore,1
PM Modi approves defense strategy across India,1
ISRO announces healthcare scheme in Chennai,1
SBI develops new Vande Bharat express for the nation,1
ISRO proposes digital initiative in Mumbai,1
RBI develops new Vande Bharat express in Bangalore,1
Anonymous source confirms free laptops for everyone who forwards this message on the dark web,0
Indian Railways inaugurates infrastructure project in parliament,1
RBI develops digital initiative in Bangalore,1
Illuminati discovers gold reserves found under the Red Fort in hidden documents,0
Fake doctors discovers that India is the best country in a deleted tweet,0
Underground hackers confirms gold reserves found under the Red Fort in secret meeting,0
DRDO develops infrastructure project across India,1
ISRO signs new policy in parliament,1
Foreign spies confirms gold reserves found under the Red Fort in shocking revelation,0
BCCI reviews healthcare scheme for the nation,1
Illuminati hides mind control microchips in vaccines in a deleted tweet,0
Fake doctors replaces a new virus spreading through audio messages in shocking revelation,0
BCCI proposes space mission in Chennai,1
UNESCO hides gold reserves found under the Red Fort in hidden documents,0
Viral forward replaces free laptops for everyone who forwards this message according to a viral message,0
Indian Railways approves economic reform across India,1
BCCI approves infrastructure project in New Delhi,1
BCCI signs infrastructure project in Gujarat,1
Rahul Gandhi inaugurates space mission across India,1
Rahul Gandhi develops economic reform in Bangalore,1
Anonymous source replaces free laptops for everyone who forwards this message according to a viral message,0
Indian Railways signs space mission in Chennai,1
Secret society leaks a new virus spreading through audio messages in hidden documents,0
Foreign spies controls a new virus spreading through audio messages according to a viral message,0
Indian Army develops digital initiative in Mumbai,1
PM Modi proposes space mission for the nation,1
UNESCO confirms a new virus spreading through audio messages in hidden documents,0
Ministry of Finance proposes tax reduction in New Delhi,1
Foreign spies leaks that India is the best country on the dark web,0
Fake doctors hides that the Taj Mahal is a spaceship in a deleted tweet,0
Fake doctors discovers a secret cure for all diseases in a deleted tweet,0
Election Commission approves defense strategy for the nation,1
Foreign spies replaces free laptops for everyone who forwards this message by tomorrow morning,0
Anonymous source controls that India is the best country on the dark web,0
RBI inaugurates infrastructure project for the nation,1
SBI inaugurates economic reform at the summit,1
UNESCO destroys that the earth is flat in shocking revelation,0
Viral forward discovers that India is the best country on the dark web,0
Delhi Government launches healthcare scheme in Chennai,1
Delhi Government inaugurates economic reform in Bangalore,1
Illuminati confirms that the Taj Mahal is a spaceship in secret meeting,0
Foreign spies destroys gold reserves found under the Red Fort in secret meeting,0
Reliance Industries announces budget allocation across India,1
Supreme Court announces infrastructure project in parliament,1
Supreme Court announces new Vande Bharat express in New Delhi,1
Illuminati leaks gold reserves found under the Red Fort on the dark web,0
Supreme Court inaugurates infrastructure project in parliament,1
Supreme Court signs new policy in New Delhi,1
SBI reviews infrastructure project in Chennai,1
SBI proposes defense strategy in Mumbai,1
PM Modi launches defense strategy in parliament,1
Election Commission implements budget allocation in Bangalore,1
UNESCO hides mind control microchips in vaccines in shocking revelation,0
Tata Motors develops space mission in Mumbai,1
RBI announces tax reduction across India,1
NASA secretly bans a new virus spreading through audio messages in hidden documents,0
Fake doctors declares that India is the best country in hidden documents,0
Secret society discovers free laptops for everyone who forwards this message according to a viral message,0
Delhi Government inaugurates economic reform in parliament,1
Viral forward leaks gold reserves found under the Red Fort in secret meeting,0
Niti Aayog proposes space mission in Gujarat,1
RBI inaugurates space mission in Bangalore,1
Underground hackers confirms mind control microchips in vaccines by tomorrow morning,0
Secret society hides a secret cure for all diseases in shocking revelation,0
Secret society controls that India is the best country in a deleted tweet,0
Ministry of Finance proposes infrastructure project in Gujarat,1
NASA secretly bans a new virus spreading through audio messages on the dark web,0
Anonymous source leaks mind control microchips in vaccines by tomorrow morning,0
Illuminati confirms mind control microchips in vaccines in hidden documents,0
Tata Motors implements budget allocation across India,1
ISRO announces budget allocation in parliament,1
Anonymous source secretly bans that the Taj Mahal is a spaceship in a deleted tweet,0
Indian Railways signs digital initiative in Chennai,1
Anonymous source controls that the Taj Mahal is a spaceship in secret meeting,0
NASA hides that the earth is flat in secret meeting,0
Viral forward replaces a new virus spreading through audio messages by tomorrow morning,0
ISRO implements defense strategy at the summit,1
Viral forward discovers gold reserves found under the Red Fort in hidden documents,0
Time travelers confirms a secret cure for all diseases in hidden documents,0
Illuminati confirms that the Taj Mahal is a spaceship on the dark web,0
Time travelers controls mind control microchips in vaccines in shocking revelation,0
PM Modi inaugurates infrastructure project for the nation,1
Ministry of Finance proposes economic reform at the summit,1
Underground hackers secretly bans that the earth is flat on the dark web,0
RBI announces defense strategy across India,1
SBI approves budget allocation in Mumbai,1
BCCI reviews digital initiative in Gujarat,1
DRDO reviews healthcare scheme in Bangalore,1
Ministry of Finance proposes budget allocation in New Delhi,1
Secret society hides that the earth is flat in shocking revelation,0
Viral forward leaks free laptops for everyone who forwards this message in hidden documents,0
Indian Railways approves economic reform in Mumbai,1
Underground hackers secretly bans a secret cure for all diseases in secret meeting,0
NASA controls free laptops for everyone who forwards this message in a deleted tweet,0
NASA declares that the Taj Mahal is a spaceship in secret meeting,0
Time travelers hides that India is the best country by tomorrow morning,0
Election Commission proposes infrastructure project in Chennai,1
SBI launches infrastructure project at the summit,1
SBI implements space mission in New Delhi,1
Underground hackers secretly bans that the earth is flat in hidden documents,0
PM Modi inaugurates new policy in Bangalore,1
Underground hackers controls gold reserves found under the Red Fort on the dark web,0
Ministry of Finance announces defense strategy in Bangalore,1
Illuminati hides all 500 rupee notes will be banned tomorrow according to a viral message,0
Foreign spies controls that the Taj Mahal is a spaceship in a deleted tweet,0
Anonymous source discovers mind control microchips in vaccines in hidden documents,0
RBI inaugurates space mission in Gujarat,1
Delhi Government approves tax reduction in Gujarat,1
UNESCO controls all 500 rupee notes will be banned tomorrow in secret meeting,0
Indian Railways implements healthcare scheme at the summit,1
Fake doctors secretly bans free laptops for everyone who forwards this message in shocking revelation,0
Foreign spies confirms that the Taj Mahal is a spaceship in a deleted tweet,0
Rahul Gandhi launches budget allocation in Bangalore,1
Illuminati declares that the earth is flat by tomorrow morning,0
Delhi Government launches new policy in Mumbai,1
Time travelers destroys that India is the best country according to a viral message,0
Delhi Government approves economic reform in Gujarat,1
Indian Railways develops tax reduction at the summit,1
Secret society confirms that the Taj Mahal is a spaceship in secret meeting,0
Ministry of Finance approves budget allocation in Gujarat,1
Anonymous source discovers that the earth is flat in hidden documents,0
WhatsApp CEO declares that the Taj Mahal is a spaceship in a deleted tweet,0
Anonymous source confirms a secret cure for all diseases according to a viral message,0
BCCI proposes new Vande Bharat express in New Delhi,1
Foreign spies confirms all 500 rupee notes will be banned tomorrow according to a viral message,0
Election Commission implements defense strategy at the summit,1
Supreme Court announces space mission in Gujarat,1
UNESCO secretly bans mind control microchips in vaccines in secret meeting,0
Reliance Industries signs digital initiative in Bangalore,1
DRDO implements healthcare scheme in Chennai,1
Supreme Court inaugurates budget allocation in Gujarat,1
Indian Army announces new Vande Bharat express in parliament,1
Supreme Court develops new Vande Bharat express in New Delhi,1
Supreme Court proposes budget allocation in Chennai,1
Rahul Gandhi implements economic reform in Bangalore,1
BCCI announces infrastructure project at the summit,1
Anonymous source declares a secret cure for all diseases on the dark web,0
Underground hackers confirms free laptops for everyone who forwards this message in shocking revelation,0
Ministry of Finance launches defense strategy in Gujarat,1
NASA secretly bans that the earth is flat according to a viral message,0
Niti Aayog signs new Vande Bharat express in New Delhi,1
NASA hides gold reserves found under the Red Fort in secret meeting,0
Tata Motors implements new Vande Bharat express in parliament,1
Fake doctors leaks a new virus spreading through audio messages according to a viral message,0
Secret society declares a secret cure for all diseases in secret meeting,0
RBI implements healthcare scheme for the nation,1
NASA replaces free laptops for everyone who forwards this message by tomorrow morning,0
WhatsApp CEO declares free laptops for everyone who forwards this message in secret meeting,0
Election Commission proposes healthcare scheme in parliament,1
DRDO launches new Vande Bharat express in parliament,1
Reliance Industries reviews economic reform for the nation,1
BCCI approves digital initiative in Mumbai,1
UNESCO leaks free laptops for everyone who forwards this message on the dark web,0
Niti Aayog develops new policy in Chennai,1
BCCI approves economic reform in Mumbai,1
UNESCO discovers all 500 rupee notes will be banned tomorrow in secret meeting,0
Indian Railways launches space mission in Mumbai,1
Illuminati destroys gold reserves found under the Red Fort in secret meeting,0
NASA destroys all 500 rupee notes will be banned tomorrow on the dark web,0
Foreign spies declares that the earth is flat in hidden documents,0
Ministry of Finance launches new policy in Chennai,1
Anonymous source confirms mind control microchips in vaccines in secret meeting,0
BCCI approves healthcare scheme across India,1
Anonymous source confirms a secret cure for all diseases in a deleted tweet,0
Viral forward declares mind control microchips in vaccines in secret meeting,0
Tata Motors approves new Vande Bharat express in parliament,1
DRDO proposes digital initiative for the nation,1
BCCI reviews defense strategy at the summit,1
Supreme Court proposes economic reform across India,1
Fake doctors secretly bans that India is the best country according to a viral message,0
NASA leaks gold reserves found under the Red Fort in a deleted tweet,0
Indian Army implements healthcare scheme in New Delhi,1
Time travelers declares gold reserves found under the Red Fort according to a viral message,0
ISRO implements economic reform in Gujarat,1
NASA secretly bans that India is the best country in a deleted tweet,0
Indian Railways develops healthcare scheme in New Delhi,1
RBI announces digital initiative across India,1
BCCI reviews infrastructure project in Chennai,1
Indian Army announces space mission in parliament,1
Tata Motors launches healthcare scheme at the summit,1
Supreme Court reviews digital initiative across India,1
Foreign spies replaces all 500 rupee notes will be banned tomorrow in hidden documents,0
Rahul Gandhi reviews infrastructure project in Mumbai,1
WhatsApp CEO confirms free laptops for everyone who forwards this message in shocking revelation,0
Underground hackers discovers mind control microchips in vaccines by tomorrow morning,0
Viral forward controls a secret cure for all diseases in shocking revelation,0
Time travelers destroys all 500 rupee notes will be banned tomorrow on the dark web,0
NASA replaces all 500 rupee notes will be banned tomorrow in hidden documents,0
WhatsApp CEO replaces that the earth is flat in a deleted tweet,0
SBI signs digital initiative in Gujarat,1
DRDO signs digital initiative in Chennai,1
Indian Railways develops infrastructure project in parliament,1
Underground hackers declares that India is the best country in hidden documents,0
Viral forward confirms free laptops for everyone who forwards this message in hidden documents,0
Fake doctors hides a new virus spreading through audio messages in secret meeting,0
UNESCO leaks gold reserves found under the Red Fort by tomorrow morning,0
BCCI launches healthcare scheme for the nation,1
BCCI inaugurates digital initiative in New Delhi,1
Indian Railways inaugurates economic reform in Mumbai,1
UNESCO declares mind control microchips in vaccines according to a viral message,0
Election Commission launches economic reform across India,1
Delhi Government reviews space mission in Gujarat,1
RBI proposes digital initiative across India,1
Election Commission launches healthcare scheme at the summit,1
RBI develops new policy in Bangalore,1
Reliance Industries approves new Vande Bharat express in Mumbai,1
Time travelers hides gold reserves found under the Red Fort according to a viral message,0
Fake doctors hides a new virus spreading through audio messages according to a viral message,0
NASA discovers that the earth is flat in a deleted tweet,0
Anonymous source hides a secret cure for all diseases according to a viral message,0
Ministry of Finance inaugurates economic reform in New Delhi,1
PM Modi announces economic reform in parliament,1
ISRO reviews new Vande Bharat express in Bangalore,1
Indian Railways signs new policy in New Delhi,1
SBI implements digital initiative across India,1
Underground hackers controls a new virus spreading through audio messages according to a viral message,0
Indian Army approves infrastructure project in New Delhi,1
Reliance Industries signs defense strategy in Mumbai,1
ISRO implements defense strategy in parliament,1
Tata Motors reviews new policy for the nation,1
RBI implements infrastructure project in New Delhi,1
SBI approves digital initiative at the summit,1
Foreign spies controls a new virus spreading through audio messages in hidden documents,0
Indian Army reviews healthcare scheme for the nation,1
Foreign spies secretly bans that the earth is flat according to a viral message,0
SBI announces infrastructure project across India,1
Viral forward confirms all 500 rupee notes will be banned tomorrow according to a viral message,0
Reliance Industries signs space mission in Gujarat,1
PM Modi launches new policy in New Delhi,1
Time travelers destroys mind control microchips in vaccines in secret meeting,0
Election Commission develops digital initiative across India,1
Viral forward leaks a new virus spreading through audio messages in secret meeting,0
Foreign spies replaces mind control microchips in vaccines according to a viral message,0
Illuminati discovers a new virus spreading through audio messages on the dark web,0
Underground hackers confirms gold reserves found under the Red Fort in a deleted tweet,0
Supreme Court signs healthcare scheme at the summit,1
Fake doctors replaces all 500 rupee notes will be banned tomorrow in a deleted tweet,0
Secret society controls that the Taj Mahal is a spaceship in shocking revelation,0
UNESCO replaces that India is the best country in a deleted tweet,0
WhatsApp CEO secretly bans a secret cure for all diseases in secret meeting,0
WhatsApp CEO leaks gold reserves found under the Red Fort in shocking revelation,0
BCCI launches defense strategy at the summit,1
NASA discovers gold reserves found under the Red Fort in hidden documents,0
WhatsApp CEO destroys free laptops for everyone who forwards this message according to a viral message,0
Fake doctors replaces a new virus spreading through audio messages according to a viral message,0
Delhi Government announces space mission at the summit,1
WhatsApp CEO leaks that India is the best country in secret meeting,0
Election Commission inaugurates new Vande Bharat express in Gujarat,1
Niti Aayog inaugurates space mission in Chennai,1
Indian Army reviews digital initiative in Bangalore,1
ISRO announces digital initiative for the nation,1
Anonymous source leaks that India is the best country by tomorrow morning,0
Tata Motors launches new policy across India,1
Supreme Court signs healthcare scheme in New Delhi,1
ISRO announces space mission in Bangalore,1
Delhi Government approves tax reduction at the summit,1
NASA confirms a secret cure for all diseases according to a viral message,0
UNESCO secretly bans gold reserves found under the Red Fort in a deleted tweet,0
Rahul Gandhi implements space mission at the summit,1
Reliance Industries implements new policy in Gujarat,1
Foreign spies confirms a new virus spreading through audio messages in secret meeting,0
Fake doctors controls mind control microchips in vaccines in hidden documents,0
UNESCO leaks free laptops for everyone who forwards this message according to a viral message,0
Underground hackers destroys that India is the best country in shocking revelation,0
ISRO launches space mission in Gujarat,1
Tata Motors launches defense strategy at the summit,1
Ministry of Finance signs tax reduction at the summit,1
Fake doctors destroys gold reserves found under the Red Fort according to a viral message,0
Viral forward confirms a secret cure for all diseases according to a viral message,0
Election Commission announces space mission in Bangalore,1
Viral forward confirms that India is the best country on the dark web,0
ISRO approves digital initiative in New Delhi,1
Viral forward replaces a secret cure for all diseases in a deleted tweet,0
Anonymous source secretly bans gold reserves found under the Red Fort in secret meeting,0
PM Modi reviews tax reduction in Mumbai,1
Anonymous source confirms that the Taj Mahal is a spaceship by tomorrow morning,0
Tata Motors announces tax reduction in Chennai,1
Underground hackers destroys a secret cure for all diseases on the dark web,0
RBI proposes healthcare scheme in Mumbai,1
Viral forward confirms that India is the best country in shocking revelation,0
Time travelers declares gold reserves found under the Red Fort in shocking revelation,0
Underground hackers hides that the earth is flat according to a viral message,0
WhatsApp CEO discovers a new virus spreading through audio messages in shocking revelation,0
Secret society replaces a secret cure for all diseases in a deleted tweet,0
Reliance Industries launches healthcare scheme across India,1
Illuminati secretly bans a new virus spreading through audio messages in a deleted tweet,0
UNESCO discovers that India is the best country in secret meeting,0
DRDO announces economic reform for the nation,1
Underground hackers destroys free laptops for everyone who forwards this message in hidden documents,0
Indian Railways proposes new Vande Bharat express in Bangalore,1
UNESCO hides a secret cure for all diseases in shocking revelation,0
Indian Army proposes new policy in Bangalore,1
RBI implements space mission in Mumbai,1
NASA hides that India is the best country by tomorrow morning,0
Illuminati controls that the Taj Mahal is a spaceship in secret meeting,0
Indian Railways proposes infrastructure project in Mumbai,1
ISRO proposes healthcare scheme in Mumbai,1
Foreign spies controls that India is the best country according to a viral message,0
SBI develops digital initiative in New Delhi,1
PM Modi launches infrastructure project in Mumbai,1
BCCI approves digital initiative in parliament,1
Secret society controls that the Taj Mahal is a spaceship in secret meeting,0
Indian Army signs new policy in Bangalore,1
Time travelers confirms that India is the best country by tomorrow morning,0
Illuminati replaces a secret cure for all diseases in shocking revelation,0
Anonymous source discovers a new virus spreading through audio messages in a deleted tweet,0
Ministry of Finance inaugurates digital initiative at the summit,1
Niti Aayog reviews new Vande Bharat express in Gujarat,1
ISRO approves infrastructure project for the nation,1
Ministry of Finance reviews new policy in Bangalore,1
Election Commission signs defense strategy across India,1
WhatsApp CEO replaces free laptops for everyone who forwards this message in secret meeting,0
Illuminati replaces a new virus spreading through audio messages in shocking revelation,0
Time travelers confirms that India is the best country in hidden documents,0
UNESCO replaces free laptops for everyone who forwards this message in a deleted tweet,0
Foreign spies confirms that India is the best country in secret meeting,0
PM Modi approves space mission in New Delhi,1
Niti Aayog proposes infrastructure project at the summit,1
Tata Motors reviews economic reform at the summit,1
NASA discovers that India is the best country in hidden documents,0
Time travelers declares a secret cure for all diseases on the dark web,0
Underground hackers declares free laptops for everyone who forwards this message in secret meeting,0
Time travelers discovers that the earth is flat on the dark web,0
Delhi Government announces new Vande Bharat express in Mumbai,1
NASA discovers that the Taj Mahal is a spaceship in hidden documents,0
WhatsApp CEO declares a new virus spreading through audio messages on the dark web,0
NASA destroys that the earth is flat in hidden documents,0
Foreign spies controls all 500 rupee notes will be banned tomorrow by tomorrow morning,0
RBI reviews new Vande Bharat express in Chennai,1
Supreme Court launches new policy across India,1
Supreme Court inaugurates infrastructure project at the summit,1
Time travelers confirms mind control microchips in vaccines according to a viral message,0
Time travelers confirms that the earth is flat by tomorrow morning,0
Indian Railways develops budget allocation across India,1
UNESCO hides that the earth is flat by tomorrow morning,0
Illuminati declares a secret cure for all diseases by tomorrow morning,0
PM Modi proposes defense strategy across India,1
Rahul Gandhi develops economic reform at the summit,1
Anonymous source discovers that the earth is flat by tomorrow morning,0
Time travelers confirms that India is the best country in shocking revelation,0
NASA leaks free laptops for everyone who forwards this message by tomorrow morning,0
Secret society replaces a new virus spreading through audio messages according to a viral message,0
RBI develops economic reform in Chennai,1
WhatsApp CEO declares mind control microchips in vaccines in hidden documents,0
Election Commission launches infrastructure project in New Delhi,1
Fake doctors controls that India is the best country in a deleted tweet,0
Viral forward confirms a secret cure for all diseases in a deleted tweet,0
Viral forward discovers free laptops for everyone who forwards this message by tomorrow morning,0
Tata Motors inaugurates economic reform in New Delhi,1
DRDO implements space mission across India,1
Reliance Industries implements new policy for the nation,1
Indian Army develops new policy across India,1
Niti Aayog develops tax reduction in New Delhi,1
UNESCO hides a new virus spreading through audio messages in secret meeting,0
Ministry of Finance approves new Vande Bharat express in Bangalore,1
RBI approves economic reform in Chennai,1
Fake doctors declares free laptops for everyone who forwards this message in hidden documents,0
Time travelers discovers a secret cure for all diseases in hidden documents,0
SBI reviews new Vande Bharat express in Mumbai,1
Viral forward discovers gold reserves found under the Red Fort on the dark web,0
Anonymous source leaks free laptops for everyone who forwards this message in a deleted tweet,0
Time travelers replaces free laptops for everyone who forwards this message in hidden documents,0
Foreign spies leaks mind control microchips in vaccines in shocking revelation,0
Foreign spies controls a new virus spreading through audio messages on the dark web,0
Niti Aayog reviews infrastructure project in Gujarat,1
Tata Motors proposes infrastructure project in Chennai,1
RBI signs new Vande Bharat express in New Delhi,1
Election Commission implements economic reform across India,1
Anonymous source confirms free laptops for everyone who forwards this message in secret meeting,0
Indian Army reviews budget allocation in Chennai,1
BCCI reviews space mission in Mumbai,1
BCCI launches new policy for the nation,1
Fake doctors discovers a new virus spreading through audio messages in secret meeting,0
Anonymous source discovers free laptops for everyone who forwards this message by tomorrow morning,0
DRDO implements new Vande Bharat express in Gujarat,1
Indian Army approves new Vande Bharat express in parliament,1
WhatsApp CEO discovers that the earth is flat in hidden documents,0
UNESCO replaces a secret cure for all diseases in secret meeting,0
Time travelers confirms that India is the best country on the dark web,0
BCCI inaugurates digital initiative in Bangalore,1
Time travelers leaks free laptops for everyone who forwards this message on the dark web,0
Niti Aayog reviews healthcare scheme in Bangalore,1
Foreign spies replaces that the Taj Mahal is a spaceship in secret meeting,0
Viral forward discovers a secret cure for all diseases in shocking revelation,0
Reliance Industries approves budget allocation for the nation,1
Ministry of Finance inaugurates tax reduction for the nation,1
UNESCO hides mind control microchips in vaccines in a deleted tweet,0
UNESCO discovers that the earth is flat in secret meeting,0
Indian Army implements tax reduction across India,1
Indian Railways approves space mission in Mumbai,1
UNESCO secretly bans a new virus spreading through audio messages by tomorrow morning,0
Anonymous source hides a new virus spreading through audio messages in a deleted tweet,0
SBI launches new Vande Bharat express for the nation,1
RBI reviews economic reform in Mumbai,1
Rahul Gandhi develops economic reform in Chennai,1
DRDO launches digital initiative in parliament,1
Tata Motors announces new policy in New Delhi,1
DRDO develops economic reform for the nation,1
Reliance Industries approves tax reduction in Gujarat,1
Underground hackers discovers a secret cure for all diseases according to a viral message,0
Supreme Court announces economic reform in Mumbai,1
DRDO proposes budget allocation in Mumbai,1
RBI signs tax reduction across India,1
UNESCO controls a secret cure for all diseases in a deleted tweet,0
Foreign spies hides that India is the best country according to a viral message,0
Ministry of Finance signs infrastructure project in Mumbai,1
Underground hackers hides a new virus spreading through audio messages on the dark web,0
Anonymous source declares that the earth is flat by tomorrow morning,0
Indian Railways announces tax reduction in Gujarat,1
Delhi Government develops space mission in Gujarat,1
Election Commission implements digital initiative across India,1
Secret society replaces free laptops for everyone who forwards this message in secret meeting,0
Indian Army implements new Vande Bharat express in parliament,1
Supreme Court implements space mission in New Delhi,1
UNESCO secretly bans a new virus spreading through audio messages according to a viral message,0
Tata Motors launches new Vande Bharat express across India,1
SBI reviews infrastructure project in Mumbai,1
Reliance Industries develops defense strategy in Bangalore,1
BCCI inaugurates tax reduction in New Delhi,1
Election Commission announces tax reduction in Bangalore,1
Anonymous source replaces all 500 rupee notes will be banned tomorrow on the dark web,0
Illuminati destroys that the earth is flat in a deleted tweet,0
Anonymous source secretly bans that India is the best country in hidden documents,0
Anonymous source hides mind control microchips in vaccines on the dark web,0
Fake doctors secretly bans a secret cure for all diseases by tomorrow morning,0
WhatsApp CEO controls that India is the best country in shocking revelation,0
Niti Aayog reviews defense strategy across India,1
ISRO launches infrastructure project in Chennai,1
Ministry of Finance proposes infrastructure project in parliament,1
Anonymous source secretly bans all 500 rupee notes will be banned tomorrow on the dark web,0
Time travelers replaces all 500 rupee notes will be banned tomorrow by tomorrow morning,0
PM Modi implements digital initiative across India,1
PM Modi signs new policy in Bangalore,1
Indian Railways announces new Vande Bharat express across India,1
UNESCO leaks that the earth is flat in secret meeting,0
SBI reviews new policy in Chennai,1
Foreign spies confirms that the Taj Mahal is a spaceship in hidden documents,0
Secret society discovers mind control microchips in vaccines in shocking revelation,0
Viral forward controls free laptops for everyone who forwards this message by tomorrow morning,0
WhatsApp CEO discovers a secret cure for all diseases according to a viral message,0
Reliance Industries develops new policy in Chennai,1
RBI develops new policy in Mumbai,1
Indian Army implements economic reform across India,1
Fake doctors destroys gold reserves found under the Red Fort in secret meeting,0
Underground hackers controls all 500 rupee notes will be banned tomorrow on the dark web,0
ISRO announces economic reform in Mumbai,1
Anonymous source leaks a secret cure for all diseases by tomorrow morning,0
Secret society leaks all 500 rupee notes will be banned tomorrow in a deleted tweet,0
RBI implements digital initiative across India,1
Reliance Industries develops economic reform in Gujarat,1
Viral forward replaces all 500 rupee notes will be banned tomorrow in a deleted tweet,0
Ministry of Finance launches tax reduction in Mumbai,1
Fake doctors confirms all 500 rupee notes will be banned tomorrow on the dark web,0
Viral forward controls that India is the best country in a deleted tweet,0
Anonymous source replaces all 500 rupee notes will be banned tomorrow in hidden documents,0
Foreign spies destroys free laptops for everyone who forwards this message by tomorrow morning,0
Time travelers hides that the earth is flat by tomorrow morning,0
Underground hackers hides all 500 rupee notes will be banned tomorrow on the dark web,0
NASA leaks gold reserves found under the Red Fort in secret meeting,0
Indian Railways approves space mission in Bangalore,1
NASA secretly bans all 500 rupee notes will be banned tomorrow according to a viral message,0
NASA leaks a new virus spreading through audio messages in hidden documents,0
Indian Railways signs space mission at the summit,1
Foreign spies discovers free laptops for everyone who forwards this message on the dark web,0
Illuminati confirms that the Taj Mahal is a spaceship by tomorrow morning,0
Secret society destroys free laptops for everyone who forwards this message on the dark web,0
Underground hackers hides that the Taj Mahal is a spaceship in hidden documents,0
Illuminati leaks mind control microchips in vaccines in secret meeting,0
Underground hackers destroys free laptops for everyone who forwards this message according to a viral message,0
Reliance Industries inaugurates budget allocation for the nation,1
RBI develops defense strategy in Bangalore,1
RBI signs healthcare scheme in Chennai,1
Ministry of Finance signs new Vande Bharat express in Gujarat,1
Viral forward secretly bans that the earth is flat in a deleted tweet,0
Time travelers declares free laptops for everyone who forwards this message in shocking revelation,0
Niti Aayog reviews new Vande Bharat express in Chennai,1
Supreme Court announces digital initiative in Gujarat,1
Fake doctors hides all 500 rupee notes will be banned tomorrow on the dark web,0
NASA leaks that the earth is flat according to a viral message,0
UNESCO discovers that the Taj Mahal is a spaceship in shocking revelation,0
Election Commission inaugurates new policy in Gujarat,1
Election Commission proposes defense strategy in Chennai,1
Fake doctors secretly bans free laptops for everyone who forwards this message by tomorrow morning,0
DRDO launches tax reduction in Bangalore,1
BCCI signs new Vande Bharat express in Bangalore,1
Viral forward secretly bans all 500 rupee notes will be banned tomorrow in a deleted tweet,0
Ministry of Finance develops tax reduction in Chennai,1
SBI launches new policy across India,1
DRDO proposes new Vande Bharat express across India,1
DRDO launches economic reform for the nation,1
DRDO announces defense strategy in New Delhi,1
Fake doctors hides free laptops for everyone who forwards this message in secret meeting,0
Indian Army inaugurates space mission in Bangalore,1
NASA hides that the Taj Mahal is a spaceship according to a viral message,0
Time travelers discovers mind control microchips in vaccines on the dark web,0
Ministry of Finance implements new policy for the nation,1
Anonymous source leaks free laptops for everyone who forwards this message in hidden documents,0
Secret society controls all 500 rupee notes will be banned tomorrow in hidden documents,0
Underground hackers declares a new virus spreading through audio messages in a deleted tweet,0
Anonymous source secretly bans gold reserves found under the Red Fort according to a viral message,0
UNESCO discovers that the earth is flat by tomorrow morning,0
Illuminati controls mind control microchips in vaccines in secret meeting,0
Election Commission develops healthcare scheme for the nation,1
Viral forward hides a new virus spreading through audio messages in a deleted tweet,0
SBI signs new Vande Bharat express in Bangalore,1
Fake doctors leaks mind control microchips in vaccines according to a viral message,0
Illuminati secretly bans a new virus spreading through audio messages according to a viral message,0
Viral forward confirms that the earth is flat on the dark web,0
UNESCO secretly bans a secret cure for all diseases in hidden documents,0
Underground hackers declares a new virus spreading through audio messages in hidden documents,0
Indian Railways signs tax reduction in Gujarat,1
WhatsApp CEO destroys a secret cure for all diseases on the dark web,0
Illuminati controls all 500 rupee notes will be banned tomorrow in shocking revelation,0
NASA destroys a new virus spreading through audio messages according to a viral message,0
Foreign spies discovers that India is the best country in hidden documents,0
Tata Motors implements healthcare scheme across India,1
Underground hackers hides a secret cure for all diseases in a deleted tweet,0
Viral forward replaces a new virus spreading through audio messages in shocking revelation,0
Viral forward discovers gold reserves found under the Red Fort by tomorrow morning,0
Time travelers discovers gold reserves found under the Red Fort by tomorrow morning,0
BCCI implements economic reform in Chennai,1
Delhi Government develops new Vande Bharat express at the summit,1
Reliance Industries proposes budget allocation in Chennai,1
Election Commission reviews tax reduction in Bangalore,1
Secret society declares a new virus spreading through audio messages according to a viral message,0
Ministry of Finance proposes space mission in New Delhi,1
Fake doctors secretly bans a new virus spreading through audio messages in secret meeting,0
Illuminati replaces a secret cure for all diseases by tomorrow morning,0
WhatsApp CEO secretly bans a new virus spreading through audio messages by tomorrow morning,0
Anonymous source confirms all 500 rupee notes will be banned tomorrow on the dark web,0
Foreign spies hides that India is the best country in secret meeting,0
NASA hides all 500 rupee notes will be banned tomorrow in a deleted tweet,0
Fake doctors replaces mind control microchips in vaccines by tomorrow morning,0
Niti Aayog reviews healthcare scheme for the nation,1
Fake doctors controls that the earth is flat in shocking revelation,0
Indian Army launches new policy in Bangalore,1
Indian Railways announces new policy in parliament,1
Indian Army announces digital initiative in Chennai,1
SBI reviews healthcare scheme in parliament,1
Ministry of Finance signs new policy at the summit,1
Fake doctors leaks a new virus spreading through audio messages in shocking revelation,0
Foreign spies replaces a secret cure for all diseases by tomorrow morning,0
WhatsApp CEO destroys a new virus spreading through audio messages in shocking revelation,0
BCCI reviews space mission in Chennai,1
Underground hackers leaks mind control microchips in vaccines on the dark web,0
BCCI implements economic reform in Mumbai,1
Fake doctors declares all 500 rupee notes will be banned tomorrow on the dark web,0
Secret society confirms that the Taj Mahal is a spaceship by tomorrow morning,0
NASA replaces free laptops for everyone who forwards this message in shocking revelation,0
Supreme Court announces defense strategy across India,1
Niti Aayog proposes economic reform at the summit,1
Foreign spies declares gold reserves found under the Red Fort in hidden documents,0
BCCI approves tax reduction at the summit,1
Viral forward confirms free laptops for everyone who forwards this message in secret meeting,0
Time travelers secretly bans that the earth is flat by tomorrow morning,0
Viral forward replaces that India is the best country by tomorrow morning,0
WhatsApp CEO controls free laptops for everyone who forwards this message in secret meeting,0
RBI reviews digital initiative in Gujarat,1
Illuminati destroys that the earth is flat according to a viral message,0
SBI inaugurates healthcare scheme across India,1
UNESCO leaks that the earth is flat according to a viral message,0
RBI announces economic reform in Bangalore,1
UNESCO discovers free laptops for everyone who forwards this message in secret meeting,0
ISRO signs digital initiative in Chennai,1
Reliance Industries signs budget allocation in Gujarat,1
Underground hackers confirms that the Taj Mahal is a spaceship in a deleted tweet,0
Ministry of Finance signs space mission in Chennai,1
DRDO implements tax reduction for the nation,1
Anonymous source replaces gold reserves found under the Red Fort in a deleted tweet,0
Tata Motors announces infrastructure project in Gujarat,1
Secret society leaks that India is the best country according to a viral message,0
BCCI approves economic reform for the nation,1
Anonymous source destroys a secret cure for all diseases in shocking revelation,0
Illuminati discovers that India is the best country by tomorrow morning,0
Supreme Court reviews digital initiative in parliament,1
Niti Aayog implements budget allocation in Chennai,1
Anonymous source confirms that the earth is flat in secret meeting,0
Secret society hides that the earth is flat by tomorrow morning,0
WhatsApp CEO replaces that the earth is flat according to a viral message,0
Delhi Government develops healthcare scheme in Mumbai,1
Foreign spies hides that India is the best country in a deleted tweet,0
Secret society leaks mind control microchips in vaccines in secret meeting,0
Reliance Industries reviews new Vande Bharat express across India,1
Viral forward secretly bans mind control microchips in vaccines on the dark web,0
Supreme Court inaugurates healthcare scheme in parliament,1
Viral forward leaks that the earth is flat in hidden documents,0
Time travelers declares a new virus spreading through audio messages on the dark web,0
Viral forward confirms gold reserves found under the Red Fort in hidden documents,0
Tata Motors launches budget allocation at the summit,1
Fake doctors leaks gold reserves found under the Red Fort in shocking revelation,0
SBI proposes new policy across India,1
Fake doctors discovers a new virus spreading through audio messages by tomorrow morning,0
Time travelers discovers that the earth is flat by tomorrow morning,0
Indian Army inaugurates digital initiative in parliament,1
Delhi Government signs economic reform at the summit,1
Time travelers confirms free laptops for everyone who forwards this message on the dark web,0
Anonymous source confirms that the earth is flat in shocking revelation,0
NASA hides a secret cure for all diseases in shocking revelation,0
NASA confirms that India is the best country by tomorrow morning,0
Indian Railways inaugurates defense strategy in parliament,1
RBI announces space mission in Gujarat,1
Ministry of Finance develops digital initiative for the nation,1
Reliance Industries develops new Vande Bharat express in Gujarat,1
Niti Aayog proposes space mission for the nation,1
Anonymous source controls a new virus spreading through audio messages in shocking revelation,0
Underground hackers hides gold reserves found under the Red Fort in secret meeting,0
WhatsApp CEO declares a new virus spreading through audio messages in hidden documents,0
Reliance Industries proposes economic reform at the summit,1
Viral forward confirms mind control microchips in vaccines in hidden documents,0
Anonymous source confirms free laptops for everyone who forwards this message in shocking revelation,0
Underground hackers controls that the Taj Mahal is a spaceship in shocking revelation,0
Illuminati secretly bans a secret cure for all diseases in shocking revelation,0
Rahul Gandhi develops economic reform in New Delhi,1
Viral forward discovers that the earth is flat according to a viral message,0
Time travelers confirms a secret cure for all diseases in shocking revelation,0
Reliance Industries launches budget allocation in Mumbai,1
SBI implements new Vande Bharat express across India,1
ISRO approves new Vande Bharat express in parliament,1
Underground hackers replaces mind control microchips in vaccines according to a viral message,0
Foreign spies replaces free laptops for everyone who forwards this message in hidden documents,0
NASA discovers a secret cure for all diseases in shocking revelation,0
Election Commission inaugurates economic reform at the summit,1
ISRO signs infrastructure project across India,1
Ministry of Finance reviews defense strategy in Mumbai,1
Viral forward discovers that the Taj Mahal is a spaceship in shocking revelation,0
UNESCO replaces that the earth is flat on the dark web,0
Illuminati controls free laptops for everyone who forwards this message in secret meeting,0
NASA destroys gold reserves found under the Red Fort on the dark web,0
Secret society confirms a new virus spreading through audio messages by tomorrow morning,0
Viral forward declares that the earth is flat on the dark web,0
NASA confirms that the earth is flat in hidden documents,0
WhatsApp CEO confirms mind control microchips in vaccines in secret meeting,0
UNESCO controls a new virus spreading through audio messages in a deleted tweet,0
PM Modi implements infrastructure project across India,1
Time travelers declares mind control microchips in vaccines in secret meeting,0
SBI announces budget allocation in New Delhi,1
Delhi Government reviews new Vande Bharat express in Gujarat,1
Supreme Court implements economic reform in Gujarat,1
Time travelers leaks all 500 rupee notes will be banned tomorrow in secret meeting,0
Tata Motors develops budget allocation at the summit,1
Delhi Government develops new policy in Chennai,1
NASA leaks free laptops for everyone who forwards this message in a deleted tweet,0
PM Modi launches infrastructure project in Chennai,1
Illuminati leaks all 500 rupee notes will be banned tomorrow on the dark web,0
Delhi Government proposes new Vande Bharat express in Mumbai,1
Anonymous source discovers gold reserves found under the Red Fort in secret meeting,0
SBI approves infrastructure project across India,1
Ministry of Finance signs digital initiative in Chennai,1
Foreign spies destroys that the Taj Mahal is a spaceship in hidden documents,0
Rahul Gandhi implements digital initiative in parliament,1
ISRO inaugurates economic reform in Bangalore,1
RBI reviews tax reduction for the nation,1
Foreign spies controls a new virus spreading through audio messages in shocking revelation,0
Underground hackers destroys gold reserves found under the Red Fort in secret meeting,0
WhatsApp CEO controls that the earth is flat in secret meeting,0
Reliance Industries implements defense strategy in Bangalore,1
Illuminati declares that the Taj Mahal is a spaceship in shocking revelation,0
ISRO reviews budget allocation at the summit,1
NASA discovers that the earth is flat in hidden documents,0
Supreme Court approves budget allocation in parliament,1
Foreign spies replaces a new virus spreading through audio messages in a deleted tweet,0
Indian Army approves budget allocation across India,1
UNESCO declares all 500 rupee notes will be banned tomorrow by tomorrow morning,0
Niti Aayog reviews space mission in Gujarat,1
Secret society destroys a new virus spreading through audio messages by tomorrow morning,0
ISRO proposes defense strategy in Mumbai,1
WhatsApp CEO leaks a secret cure for all diseases in shocking revelation,0
Rahul Gandhi proposes digital initiative in Bangalore,1
RBI develops tax reduction in parliament,1
DRDO develops tax reduction in New Delhi,1
Indian Army reviews tax reduction for the nation,1
DRDO approves digital initiative in Gujarat,1
Indian Army announces tax reduction in New Delhi,1
Rahul Gandhi signs new Vande Bharat express in New Delhi,1
SBI approves infrastructure project in Chennai,1
Niti Aayog approves space mission in parliament,1
ISRO proposes new policy at the summit,1
Underground hackers discovers that India is the best country in secret meeting,0
Viral forward controls a new virus spreading through audio messages in secret meeting,0
Niti Aayog inaugurates healthcare scheme in Gujarat,1
Secret society destroys mind control microchips in vaccines in shocking revelation,0
Illuminati declares a new virus spreading through audio messages on the dark web,0
WhatsApp CEO replaces all 500 rupee notes will be banned tomorrow on the dark web,0
NASA destroys a secret cure for all diseases according to a viral message,0
Time travelers controls that the earth is flat in shocking revelation,0
Election Commission signs new policy in Chennai,1
UNESCO confirms a new virus spreading through audio messages in secret meeting,0
Tata Motors announces economic reform in Mumbai,1
Fake doctors destroys that the Taj Mahal is a spaceship in a deleted tweet,0
Supreme Court implements budget allocation for the nation,1
Delhi Government reviews economic reform across India,1
Anonymous source controls that the earth is flat in hidden documents,0
Secret society discovers a new virus spreading through audio messages by tomorrow morning,0
Tata Motors approves new policy in New Delhi,1
WhatsApp CEO controls a new virus spreading through audio messages in a deleted tweet,0
Tata Motors launches space mission in New Delhi,1
Underground hackers declares mind control microchips in vaccines in hidden documents,0
WhatsApp CEO destroys that the Taj Mahal is a spaceship on the dark web,0
RBI announces budget allocation in Gujarat,1
UNESCO secretly bans that the Taj Mahal is a spaceship in hidden documents,0
Fake doctors secretly bans mind control microchips in vaccines in a deleted tweet,0
Indian Army signs space mission at the summit,1
PM Modi approves digital initiative at the summit,1
Viral forward hides all 500 rupee notes will be banned tomorrow in hidden documents,0
BCCI signs defense strategy in parliament,1
Anonymous source declares that the earth is flat in secret meeting,0
Indian Railways approves budget allocation in Bangalore,1
Viral forward leaks that India is the best country in hidden documents,0
Underground hackers secretly bans free laptops for everyone who forwards this message in a deleted tweet,0
RBI implements new policy in Chennai,1
Election Commission signs new policy in parliament,1
Election Commission announces economic reform for the nation,1
Foreign spies replaces free laptops for everyone who forwards this message on the dark web,0
Secret society replaces that the Taj Mahal is a spaceship in hidden documents,0
PM Modi reviews defense strategy in parliament,1
BCCI reviews healthcare scheme in Bangalore,1
Time travelers declares all 500 rupee notes will be banned tomorrow by tomorrow morning,0
PM Modi signs healthcare scheme in Mumbai,1
Fake doctors declares a secret cure for all diseases in shocking revelation,0
Tata Motors implements defense strategy in Chennai,1
Ministry of Finance inaugurates budget allocation in New Delhi,1
Tata Motors implements healthcare scheme in parliament,1
UNESCO confirms mind control microchips in vaccines in shocking revelation,0
Time travelers hides that India is the best country according to a viral message,0
Delhi Government signs economic reform across India,1
WhatsApp CEO destroys mind control microchips in vaccines by tomorrow morning,0
Viral forward hides mind control microchips in vaccines in shocking revelation,0
Time travelers hides gold reserves found under the Red Fort in secret meeting,0
Ministry of Finance approves budget allocation in Chennai,1
NASA discovers that the Taj Mahal is a spaceship by tomorrow morning,0
Tata Motors approves defense strategy in Mumbai,1
Anonymous source hides free laptops for everyone who forwards this message in secret meeting,0
Ministry of Finance signs economic reform for the nation,1
Fake doctors declares a new virus spreading through audio messages in hidden documents,0
Niti Aayog reviews digital initiative in Gujarat,1
Ministry of Finance proposes new policy for the nation,1
Anonymous source controls all 500 rupee notes will be banned tomorrow according to a viral message,0
Rahul Gandhi develops new policy in Gujarat,1
DRDO inaugurates budget allocation in New Delhi,1
RBI inaugurates economic reform in Chennai,1
Indian Railways reviews digital initiative in Mumbai,1
Niti Aayog implements new policy in Bangalore,1
WhatsApp CEO discovers mind control microchips in vaccines by tomorrow morning,0
Time travelers destroys that the Taj Mahal is a spaceship in shocking revelation,0
UNESCO controls that the Taj Mahal is a spaceship according to a viral message,0
Time travelers destroys a new virus spreading through audio messages in shocking revelation,0
Ministry of Finance announces tax reduction for the nation,1
Underground hackers secretly bans gold reserves found under the Red Fort according to a viral message,0
Indian Army signs economic reform at the summit,1
Foreign spies discovers that the Taj Mahal is a spaceship in shocking revelation,0
Time travelers controls that India is the best country in shocking revelation,0
RBI announces infrastructure project in Chennai,1
RBI proposes budget allocation in Mumbai,1
Election Commission announces defense strategy across India,1
RBI launches digital initiative in Chennai,1
Ministry of Finance reviews new policy at the summit,1
Tata Motors approves infrastructure project in Chennai,1
Tata Motors signs tax reduction in Chennai,1
Viral forward replaces a new virus spreading through audio messages in hidden documents,0
SBI launches new policy in Chennai,1
Illuminati replaces mind control microchips in vaccines in shocking revelation,0
DRDO reviews tax reduction in Chennai,1
Viral forward secretly bans free laptops for everyone who forwards this message in hidden documents,0
RBI proposes tax reduction in Gujarat,1
Illuminati confirms that the earth is flat in secret meeting,0
UNESCO leaks mind control microchips in vaccines in hidden documents,0
Foreign spies hides that the earth is flat on the dark web,0
Illuminati destroys a secret cure for all diseases on the dark web,0
Underground hackers leaks that the earth is flat on the dark web,0
Anonymous source replaces all 500 rupee notes will be banned tomorrow in secret meeting,0
Supreme Court reviews defense strategy in parliament,1
SBI implements new policy in Gujarat,1
Ministry of Finance launches space mission in parliament,1
Niti Aayog launches economic reform across India,1
DRDO inaugurates defense strategy in Chennai,1
Reliance Industries launches economic reform in Chennai,1
Election Commission proposes space mission across India,1
Viral forward declares that India is the best country in shocking revelation,0
Fake doctors replaces gold reserves found under the Red Fort in secret meeting,0
Election Commission announces healthcare scheme in Mumbai,1
Reliance Industries develops new policy in New Delhi,1
Indian Railways implements defense strategy in parliament,1
UNESCO declares that India is the best country in shocking revelation,0
Fake doctors replaces all 500 rupee notes will be banned tomorrow in shocking revelation,0
PM Modi signs budget allocation in Bangalore,1
Foreign spies destroys that India is the best country according to a viral message,0
WhatsApp CEO hides a new virus spreading through audio messages on the dark web,0
Indian Railways approves defense strategy in Bangalore,1
Delhi Government announces economic reform across India,1
Indian Railways signs defense strategy across India,1
DRDO announces healthcare scheme for the nation,1
Underground hackers confirms a new virus spreading through audio messages in a deleted tweet,0
Indian Railways implements space mission in Gujarat,1
Underground hackers leaks all 500 rupee notes will be banned tomorrow according to a viral message,0
BCCI approves space mission in parliament,1
Foreign spies discovers gold reserves found under the Red Fort according to a viral message,0
PM Modi proposes tax reduction for the nation,1
Supreme Court implements defense strategy across India,1
DRDO implements budget allocation for the nation,1
Foreign spies confirms mind control microchips in vaccines in shocking revelation,0
UNESCO declares that the earth is flat in shocking revelation,0
DRDO approves space mission in Chennai,1
Indian Army proposes tax reduction in Gujarat,1
Time travelers replaces mind control microchips in vaccines by tomorrow morning,0
Reliance Industries proposes new policy in Chennai,1
Niti Aayog approves infrastructure project for the nation,1
Rahul Gandhi signs tax reduction in Chennai,1
Tata Motors implements space mission for the nation,1
Anonymous source leaks mind control microchips in vaccines in a deleted tweet,0
Rahul Gandhi proposes healthcare scheme in New Delhi,1
Foreign spies confirms gold reserves found under the Red Fort in a deleted tweet,0
Viral forward hides gold reserves found under the Red Fort in shocking revelation,0
Illuminati discovers all 500 rupee notes will be banned tomorrow in hidden documents,0
Illuminati declares a secret cure for all diseases in a deleted tweet,0
Anonymous source leaks that the Taj Mahal is a spaceship by tomorrow morning,0
ISRO proposes digital initiative at the summit,1
Election Commission launches tax reduction in New Delhi,1
Fake doctors confirms free laptops for everyone who forwards this message by tomorrow morning,0
Delhi Government signs infrastructure project in New Delhi,1
Underground hackers discovers gold reserves found under the Red Fort according to a viral message,0
Election Commission reviews defense strategy in Mumbai,1
Foreign spies leaks a new virus spreading through audio messages on the dark web,0
Tata Motors signs economic reform in Gujarat,1
UNESCO controls that India is the best country by tomorrow morning,0
WhatsApp CEO declares free laptops for everyone who forwards this message in a deleted tweet,0
Foreign spies controls all 500 rupee notes will be banned tomorrow in hidden documents,0
Viral forward leaks that the earth is flat in secret meeting,0
Indian Army develops digital initiative at the summit,1
UNESCO confirms all 500 rupee notes will be banned tomorrow in a deleted tweet,0
PM Modi launches digital initiative in New Delhi,1
SBI develops new policy in Chennai,1
Viral forward confirms all 500 rupee notes will be banned tomorrow in secret meeting,0
Rahul Gandhi reviews new Vande Bharat express across India,1
Election Commission signs economic reform in parliament,1
Ministry of Finance signs healthcare scheme in Mumbai,1
Tata Motors launches tax reduction across India,1
Indian Railways launches budget allocation in parliament,1
PM Modi signs infrastructure project in Bangalore,1
NASA controls a secret cure for all diseases in hidden documents,0
Tata Motors approves healthcare scheme for the nation,1
Indian Army inaugurates new policy in Mumbai,1
SBI reviews healthcare scheme in Bangalore,1
Underground hackers confirms mind control microchips in vaccines in shocking revelation,0
Niti Aayog inaugurates space mission in New Delhi,1
Viral forward discovers a secret cure for all diseases on the dark web,0
Fake doctors declares a secret cure for all diseases in a deleted tweet,0
Illuminati replaces a secret cure for all diseases in secret meeting,0
Indian Army develops economic reform in Gujarat,1
UNESCO replaces mind control microchips in vaccines according to a viral message,0
Fake doctors declares that the Taj Mahal is a spaceship by tomorrow morning,0
Rahul Gandhi inaugurates digital initiative in Gujarat,1
Election Commission implements tax reduction in New Delhi,1
Viral forward replaces a new virus spreading through audio messages in a deleted tweet,0
Indian Railways announces digital initiative at the summit,1
Ministry of Finance inaugurates budget allocation in parliament,1
Ministry of Finance launches new Vande Bharat express in parliament,1
Fake doctors controls a new virus spreading through audio messages on the dark web,0
ISRO implements space mission in Bangalore,1
BCCI inaugurates defense strategy for the nation,1
Viral forward secretly bans that the Taj Mahal is a spaceship in a deleted tweet,0
Ministry of Finance signs infrastructure project in parliament,1
UNESCO confirms a secret cure for all diseases in hidden documents,0
DRDO proposes healthcare scheme across India,1
PM Modi develops new policy in Bangalore,1
Delhi Government inaugurates healthcare scheme in Mumbai,1
SBI announces new Vande Bharat express in Chennai,1
ISRO implements budget allocation in Gujarat,1
Anonymous source destroys all 500 rupee notes will be banned tomorrow according to a viral message,0
Underground hackers replaces that the earth is flat on the dark web,0
Reliance Industries proposes healthcare scheme in parliament,1
Indian Railways launches space mission in New Delhi,1
Illuminati secretly bans that the Taj Mahal is a spaceship in hidden documents,0
Fake doctors secretly bans gold reserves found under the Red Fort in secret meeting,0
ISRO develops budget allocation in New Delhi,1
Underground hackers destroys that the earth is flat on the dark web,0
Niti Aayog announces economic reform for the nation,1
WhatsApp CEO discovers that the earth is flat in secret meeting,0
Tata Motors signs budget allocation in Bangalore,1
Time travelers secretly bans that India is the best country in a deleted tweet,0
Secret society declares free laptops for everyone who forwards this message in a deleted tweet,0
Election Commission reviews tax reduction in parliament,1
Election Commission announces infrastructure project in parliament,1
DRDO launches economic reform in Chennai,1
Reliance Industries signs defense strategy in New Delhi,1
Anonymous source destroys free laptops for everyone who forwards this message according to a viral message,0
Underground hackers hides gold reserves found under the Red Fort in shocking revelation,0
Illuminati secretly bans a secret cure for all diseases on the dark web,0
Election Commission proposes infrastructure project across India,1
Reliance Industries inaugurates defense strategy in Bangalore,1
Viral forward replaces that the earth is flat on the dark web,0
Niti Aayog proposes new Vande Bharat express in Bangalore,1
NASA hides a secret cure for all diseases in secret meeting,0
Niti Aayog launches new policy in parliament,1
Secret society confirms a secret cure for all diseases in shocking revelation,0
WhatsApp CEO destroys a new virus spreading through audio messages by tomorrow morning,0
NASA confirms all 500 rupee notes will be banned tomorrow in secret meeting,0
BCCI announces healthcare scheme across India,1
NASA secretly bans free laptops for everyone who forwards this message in a deleted tweet,0
Illuminati controls that India is the best country in shocking revelation,0
Underground hackers controls free laptops for everyone who forwards this message on the dark web,0
PM Modi announces budget allocation in Chennai,1
Tata Motors develops infrastructure project in Gujarat,1
Viral forward destroys a secret cure for all diseases in hidden documents,0
ISRO proposes tax reduction in Gujarat,1
Rahul Gandhi signs economic reform in Mumbai,1
SBI inaugurates tax reduction in New Delhi,1
Viral forward secretly bans mind control microchips in vaccines by tomorrow morning,0
Anonymous source destroys a secret cure for all diseases on the dark web,0
WhatsApp CEO controls that the Taj Mahal is a spaceship in hidden documents,0
BCCI approves defense strategy for the nation,1
Foreign spies declares that the earth is flat on the dark web,0
Supreme Court signs tax reduction in Mumbai,1
Underground hackers secretly bans a new virus spreading through audio messages in secret meeting,0
Time travelers controls that the earth is flat in a deleted tweet,0
Ministry of Finance develops infrastructure project at the summit,1
Underground hackers declares that the Taj Mahal is a spaceship on the dark web,0
Niti Aayog proposes infrastructure project in Chennai,1
Supreme Court inaugurates new Vande Bharat express in Chennai,1
Ministry of Finance announces tax reduction in parliament,1
Fake doctors discovers gold reserves found under the Red Fort in a deleted tweet,0
Indian Army inaugurates space mission at the summit,1
Election Commission approves infrastructure project in parliament,1
ISRO inaugurates space mission at the summit,1
Foreign spies discovers that the earth is flat in hidden documents,0
Underground hackers hides all 500 rupee notes will be banned tomorrow in hidden documents,0
UNESCO leaks all 500 rupee notes will be banned tomorrow by tomorrow morning,0
Time travelers leaks a secret cure for all diseases on the dark web,0
Viral forward secretly bans a secret cure for all diseases in hidden documents,0
Rahul Gandhi reviews budget allocation in New Delhi,1
ISRO implements tax reduction at the summit,1
Illuminati controls that India is the best country in a deleted tweet,0
Indian Army develops budget allocation in New Delhi,1
Niti Aayog proposes digital initiative across India,1
BCCI proposes new Vande Bharat express in parliament,1
Foreign spies discovers that the earth is flat in secret meeting,0
WhatsApp CEO secretly bans that the Taj Mahal is a spaceship in shocking revelation,0
DRDO launches economic reform in parliament,1
DRDO implements new Vande Bharat express for the nation,1
DRDO announces new Vande Bharat express across India,1
NASA destroys all 500 rupee notes will be banned tomorrow according to a viral message,0
Indian Army implements healthcare scheme in parliament,1
ISRO approves space mission for the nation,1
Foreign spies replaces all 500 rupee notes will be banned tomorrow according to a viral message,0
Supreme Court implements infrastructure project at the summit,1
Reliance Industries proposes new Vande Bharat express in Chennai,1
NASA destroys gold reserves found under the Red Fort in hidden documents,0
Illuminati secretly bans that the Taj Mahal is a spaceship in secret meeting,0
Underground hackers hides a secret cure for all diseases by tomorrow morning,0
RBI signs tax reduction in New Delhi,1
PM Modi proposes new Vande Bharat express in Gujarat,1
NASA confirms gold reserves found under the Red Fort in shocking revelation,0
NASA replaces all 500 rupee notes will be banned tomorrow in secret meeting,0
Rahul Gandhi announces digital initiative at the summit,1
BCCI implements economic reform in Bangalore,1
Indian Railways inaugurates new Vande Bharat express in Gujarat,1
RBI announces new policy in New Delhi,1
Delhi Government inaugurates healthcare scheme in parliament,1
Indian Railways signs new policy in parliament,1
DRDO reviews new Vande Bharat express for the nation,1
RBI reviews economic reform in Chennai,1
Fake doctors confirms that the earth is flat in shocking revelation,0
DRDO announces infrastructure project in New Delhi,1
NASA destroys gold reserves found under the Red Fort according to a viral message,0
Viral forward discovers that India is the best country by tomorrow morning,0
Illuminati controls a new virus spreading through audio messages in secret meeting,0
Anonymous source destroys a new virus spreading through audio messages by tomorrow morning,0
Illuminati discovers a new virus spreading through audio messages in a deleted tweet,0
Viral forward leaks mind control microchips in vaccines in a deleted tweet,0
Time travelers replaces a secret cure for all diseases in a deleted tweet,0
PM Modi approves healthcare scheme across India,1
Rahul Gandhi proposes defense strategy in Bangalore,1
Delhi Government implements new policy in Mumbai,1
Indian Railways reviews defense strategy across India,1
Foreign spies destroys that India is the best country in shocking revelation,0
Tata Motors launches new Vande Bharat express in Chennai,1
Underground hackers destroys a new virus spreading through audio messages according to a viral message,0
Rahul Gandhi reviews space mission for the nation,1
Anonymous source secretly bans that the Taj Mahal is a spaceship by tomorrow morning,0
Underground hackers leaks gold reserves found under the Red Fort in secret meeting,0
Reliance Industries approves space mission in Gujarat,1
Anonymous source secretly bans that the Taj Mahal is a spaceship according to a viral message,0
RBI signs space mission across India,1
Anonymous source confirms a new virus spreading through audio messages in shocking revelation,0
DRDO proposes new policy in Mumbai,1
WhatsApp CEO discovers mind control microchips in vaccines according to a viral message,0
SBI proposes budget allocation in Gujarat,1
NASA declares that India is the best country in secret meeting,0
NASA hides that the Taj Mahal is a spaceship in a deleted tweet,0
Niti Aayog inaugurates budget allocation in parliament,1
RBI reviews tax reduction in Bangalore,1
Underground hackers leaks a new virus spreading through audio messages on the dark web,0
Foreign spies leaks that India is the best country in a deleted tweet,0
Supreme Court develops new Vande Bharat express in Bangalore,1
Election Commission reviews tax reduction in Chennai,1
BCCI signs economic reform at the summit,1
Viral forward destroys all 500 rupee notes will be banned tomorrow in shocking revelation,0
Time travelers destroys that the Taj Mahal is a spaceship in hidden documents,0
NASA controls that India is the best country by tomorrow morning,0
Rahul Gandhi develops new policy in Mumbai,1
Rahul Gandhi develops new policy in New Delhi,1
Fake doctors secretly bans a secret cure for all diseases in a deleted tweet,0
Ministry of Finance launches infrastructure project in Chennai,1
Viral forward replaces that India is the best country in shocking revelation,0
Viral forward replaces mind control microchips in vaccines in secret meeting,0
Indian Railways reviews space mission at the summit,1
BCCI proposes budget allocation at the summit,1
Foreign spies confirms that India is the best country according to a viral message,0
Ministry of Finance approves space mission at the summit,1
UNESCO declares that the earth is flat by tomorrow morning,0
ISRO inaugurates new Vande Bharat express in Bangalore,1
Indian Army develops defense strategy in New Delhi,1
Secret society replaces that the earth is flat on the dark web,0
DRDO launches tax reduction in Gujarat,1
Secret society confirms all 500 rupee notes will be banned tomorrow according to a viral message,0
NASA leaks a secret cure for all diseases in secret meeting,0
Ministry of Finance launches infrastructure project in Bangalore,1
Fake doctors discovers a secret cure for all diseases on the dark web,0
Illuminati leaks that the earth is flat according to a viral message,0
RBI develops defense strategy in Mumbai,1
Anonymous source hides that the earth is flat in a deleted tweet,0
DRDO announces new policy in Gujarat,1
RBI implements tax reduction in New Delhi,1
Illuminati destroys all 500 rupee notes will be banned tomorrow on the dark web,0
Indian Army approves healthcare scheme for the nation,1
Reliance Industries approves budget allocation across India,1
Anonymous source confirms that the Taj Mahal is a spaceship according to a viral message,0
Foreign spies confirms that India is the best country in hidden documents,0
Election Commission reviews healthcare scheme in New Delhi,1
Supreme Court develops healthcare scheme in Chennai,1
NASA leaks all 500 rupee notes will be banned tomorrow in secret meeting,0
WhatsApp CEO controls all 500 rupee notes will be banned tomorrow in a deleted tweet,0
Anonymous source discovers gold reserves found under the Red Fort in a deleted tweet,0
Tata Motors reviews defense strategy at the summit,1
Illuminati declares that the Taj Mahal is a spaceship according to a viral message,0
Indian Army launches budget allocation in parliament,1
Ministry of Finance reviews space mission in Bangalore,1
Illuminati destroys free laptops for everyone who forwards this message according to a viral message,0
WhatsApp CEO discovers all 500 rupee notes will be banned tomorrow in hidden documents,0
Illuminati confirms all 500 rupee notes will be banned tomorrow by tomorrow morning,0
UNESCO hides that the earth is flat on the dark web,0
Rahul Gandhi approves new Vande Bharat express in Gujarat,1
Foreign spies secretly bans that the earth is flat in shocking revelation,0
Ministry of Finance reviews budget allocation in Chennai,1
SBI approves space mission for the nation,1
Indian Railways signs tax reduction across India,1
Fake doctors hides gold reserves found under the Red Fort in a deleted tweet,0
Indian Army signs new policy in parliament,1
NASA secretly bans that the earth is flat in shocking revelation,0
Secret society hides all 500 rupee notes will be banned tomorrow in hidden documents,0
NASA discovers free laptops for everyone who forwards this message according to a viral message,0
NASA controls mind control microchips in vaccines by tomorrow morning,0
Indian Railways implements new Vande Bharat express in New Delhi,1
Indian Railways proposes defense strategy for the nation,1
Viral forward confirms gold reserves found under the Red Fort by tomorrow morning,0
NASA controls gold reserves found under the Red Fort in shocking revelation,0
Secret society secretly bans all 500 rupee notes will be banned tomorrow according to a viral message,0
RBI announces healthcare scheme in Bangalore,1
BCCI launches space mission in Chennai,1
ISRO inaugurates new policy in New Delhi,1
Indian Railways inaugurates space mission in Chennai,1
Time travelers declares a new virus spreading through audio messages in a deleted tweet,0
BCCI launches infrastructure project in New Delhi,1
RBI inaugurates space mission in parliament,1
Reliance Industries reviews economic reform in Chennai,1
BCCI announces digital initiative in Bangalore,1
WhatsApp CEO leaks that the Taj Mahal is a spaceship according to a viral message,0
UNESCO secretly bans that the earth is flat according to a viral message,0
Anonymous source secretly bans a new virus spreading through audio messages in shocking revelation,0
Election Commission approves space mission across India,1
Illuminati declares gold reserves found under the Red Fort in a deleted tweet,0
Viral forward controls mind control microchips in vaccines in a deleted tweet,0
Illuminati secretly bans free laptops for everyone who forwards this message in a deleted tweet,0
UNESCO declares a secret cure for all diseases according to a viral message,0
NASA leaks mind control microchips in vaccines by tomorrow morning,0
Indian Army proposes infrastructure project in parliament,1
PM Modi implements infrastructure project in Bangalore,1
Indian Railways approves infrastructure project at the summit,1
Viral forward hides that India is the best country in secret meeting,0
Reliance Industries implements budget allocation in Chennai,1
Time travelers hides a secret cure for all diseases in a deleted tweet,0
Illuminati hides free laptops for everyone who forwards this message in secret meeting,0
ISRO reviews healthcare scheme in Chennai,1
Anonymous source declares gold reserves found under the Red Fort by tomorrow morning,0
WhatsApp CEO hides that India is the best country on the dark web,0
Ministry of Finance proposes space mission at the summit,1
DRDO develops economic reform in Gujarat,1
UNESCO replaces free laptops for everyone who forwards this message by tomorrow morning,0
Niti Aayog inaugurates space mission in Mumbai,1
Fake doctors hides gold reserves found under the Red Fort on the dark web,0
Supreme Court announces new policy in Mumbai,1
Delhi Government announces new Vande Bharat express in Chennai,1
Election Commission develops new policy at the summit,1
WhatsApp CEO declares a new virus spreading through audio messages in shocking revelation,0
Delhi Government implements digital initiative in Mumbai,1
ISRO proposes infrastructure project for the nation,1
Supreme Court signs space mission in Chennai,1
Delhi Government reviews economic reform in Chennai,1
Illuminati hides a new virus spreading through audio messages by tomorrow morning,0
Foreign spies leaks that India is the best country in hidden documents,0
Delhi Government develops infrastructure project across India,1
Supreme Court launches space mission in Gujarat,1
Underground hackers secretly bans a secret cure for all diseases in hidden documents,0
Viral forward secretly bans all 500 rupee notes will be banned tomorrow in shocking revelation,0
Anonymous source discovers a new virus spreading through audio messages according to a viral message,0
DRDO announces space mission for the nation,1
Election Commission launches economic reform in Gujarat,1
SBI proposes tax reduction in Chennai,1
Rahul Gandhi announces digital initiative in Chennai,1
Viral forward hides a new virus spreading through audio messages in hidden documents,0
Ministry of Finance proposes economic reform in parliament,1
Illuminati secretly bans that the earth is flat in shocking revelation,0
Niti Aayog proposes healthcare scheme in Mumbai,1
Secret society destroys that India is the best country in a deleted tweet,0
Time travelers secretly bans a new virus spreading through audio messages in secret meeting,0
WhatsApp CEO confirms gold reserves found under the Red Fort on the dark web,0
Anonymous source controls that India is the best country in a deleted tweet,0
PM Modi reviews economic reform at the summit,1
Delhi Government reviews budget allocation in Gujarat,1
Fake doctors discovers all 500 rupee notes will be banned tomorrow in a deleted tweet,0
Time travelers replaces that the Taj Mahal is a spaceship on the dark web,0
Tata Motors approves economic reform in New Delhi,1
BCCI reviews new Vande Bharat express in Chennai,1
Rahul Gandhi reviews budget allocation in Chennai,1
ISRO proposes space mission in parliament,1
WhatsApp CEO destroys that the Taj Mahal is a spaceship in secret meeting,0
UNESCO secretly bans that the earth is flat by tomorrow morning,0
Time travelers declares gold reserves found under the Red Fort on the dark web,0
PM Modi signs economic reform across India,1
Illuminati confirms gold reserves found under the Red Fort on the dark web,0
Foreign spies discovers a secret cure for all diseases in shocking revelation,0
Reliance Industries signs new policy for the nation,1
DRDO approves tax reduction across India,1
NASA discovers that India is the best country according to a viral message,0
Secret society hides that the Taj Mahal is a spaceship in a deleted tweet,0
NASA discovers a new virus spreading through audio messages by tomorrow morning,0
PM Modi reviews tax reduction in New Delhi,1
Foreign spies secretly bans all 500 rupee notes will be banned tomorrow in secret meeting,0
Fake doctors leaks that the earth is flat on the dark web,0
Ministry of Finance reviews tax reduction for the nation,1
WhatsApp CEO replaces mind control microchips in vaccines on the dark web,0
Time travelers hides that the Taj Mahal is a spaceship in secret meeting,0
Anonymous source replaces all 500 rupee notes will be banned tomorrow according to a viral message,0
UNESCO leaks free laptops for everyone who forwards this message in a deleted tweet,0
NASA confirms all 500 rupee notes will be banned tomorrow in a deleted tweet,0
DRDO launches economic reform in Gujarat,1
WhatsApp CEO discovers a secret cure for all diseases in hidden documents,0
PM Modi launches new policy across India,1
Reliance Industries implements digital initiative in parliament,1
Illuminati destroys a new virus spreading through audio messages according to a viral message,0
Foreign spies discovers free laptops for everyone who forwards this message in shocking revelation,0
Anonymous source leaks gold reserves found under the Red Fort according to a viral message,0
Secret society discovers all 500 rupee notes will be banned tomorrow in shocking revelation,0
BCCI develops defense strategy in Gujarat,1
Foreign spies hides that India is the best country in hidden documents,0
Secret society controls a new virus spreading through audio messages by tomorrow morning,0
BCCI reviews new policy in parliament,1
Anonymous source confirms that India is the best country on the dark web,0
ISRO launches defense strategy in Bangalore,1
NASA destroys gold reserves found under the Red Fort by tomorrow morning,0
Niti Aayog approves new Vande Bharat express at the summit,1
DRDO signs space mission in New Delhi,1
Underground hackers confirms that the earth is flat by tomorrow morning,0
NASA secretly bans mind control microchips in vaccines on the dark web,0
Niti Aayog proposes tax reduction in Bangalore,1
Secret society destroys a new virus spreading through audio messages in a deleted tweet,0
Indian Army signs economic reform in Chennai,1
Rahul Gandhi signs infrastructure project in New Delhi,1
Anonymous source hides that India is the best country in hidden documents,0
Indian Army develops new policy in Bangalore,1
DRDO implements budget allocation in parliament,1
Underground hackers declares a new virus spreading through audio messages by tomorrow morning,0
SBI proposes economic reform at the summit,1
BCCI launches new Vande Bharat express at the summit,1
Illuminati replaces gold reserves found under the Red Fort on the dark web,0
Delhi Government inaugurates healthcare scheme at the summit,1
ISRO announces budget allocation for the nation,1
Indian Railways announces healthcare scheme in Chennai,1
Foreign spies destroys that the Taj Mahal is a spaceship according to a viral message,0
Anonymous source declares that India is the best country in secret meeting,0
Niti Aayog announces budget allocation in parliament,1
Anonymous source leaks a secret cure for all diseases in a deleted tweet,0
Fake doctors destroys that India is the best country in hidden documents,0
Election Commission signs digital initiative in Gujarat,1
Indian Army proposes budget allocation for the nation,1
Viral forward replaces a secret cure for all diseases in shocking revelation,0
NASA declares mind control microchips in vaccines by tomorrow morning,0
Delhi Government announces budget allocation at the summit,1
Ministry of Finance reviews new Vande Bharat express in parliament,1
Delhi Government proposes infrastructure project in parliament,1
SBI announces new policy in Chennai,1
BCCI announces infrastructure project across India,1
Election Commission reviews new policy in Bangalore,1
SBI announces new policy across India,1
Indian Railways signs defense strategy in parliament,1
RBI announces new Vande Bharat express in Gujarat,1
Foreign spies destroys that the earth is flat by tomorrow morning,0
Secret society destroys all 500 rupee notes will be banned tomorrow in hidden documents,0
Supreme Court announces economic reform across India,1
Time travelers discovers mind control microchips in vaccines in secret meeting,0
Time travelers hides all 500 rupee notes will be banned tomorrow in secret meeting,0
Reliance Industries launches digital initiative in Mumbai,1
SBI approves budget allocation in Bangalore,1
Delhi Government approves new policy at the summit,1
SBI signs new policy in parliament,1
Anonymous source declares all 500 rupee notes will be banned tomorrow according to a viral message,0
ISRO launches new policy in Gujarat,1
Anonymous source destroys that the earth is flat in secret meeting,0
Anonymous source discovers a new virus spreading through audio messages in shocking revelation,0
Illuminati leaks that India is the best country in secret meeting,0
Ministry of Finance implements space mission in parliament,1
ISRO develops new policy for the nation,1
WhatsApp CEO leaks a new virus spreading through audio messages in shocking revelation,0
Illuminati controls gold reserves found under the Red Fort in shocking revelation,0
Supreme Court develops new policy in Gujarat,1
NASA discovers that India is the best country in a deleted tweet,0
Niti Aayog approves new Vande Bharat express in New Delhi,1
DRDO implements infrastructure project in New Delhi,1
ISRO announces space mission in parliament,1
Indian Railways signs healthcare scheme in Chennai,1
Delhi Government announces economic reform in New Delhi,1
Indian Army announces infrastructure project across India,1
Indian Railways reviews digital initiative in New Delhi,1
Anonymous source confirms a secret cure for all diseases in shocking revelation,0
Indian Railways develops budget allocation in Gujarat,1
PM Modi proposes economic reform in Gujarat,1
Time travelers leaks a new virus spreading through audio messages in shocking revelation,0
Election Commission announces tax reduction across India,1
Anonymous source replaces that the earth is flat by tomorrow morning,0
Election Commission inaugurates space mission in parliament,1
UNESCO replaces gold reserves found under the Red Fort on the dark web,0
DRDO launches new Vande Bharat express across India,1
Illuminati discovers that India is the best country on the dark web,0
NASA replaces that the earth is flat in shocking revelation,0
Election Commission approves space mission in Gujarat,1
Time travelers controls all 500 rupee notes will be banned tomorrow on the dark web,0
Time travelers controls that the Taj Mahal is a spaceship on the dark web,0
Foreign spies replaces free laptops for everyone who forwards this message in a deleted tweet,0
Niti Aayog develops healthcare scheme for the nation,1
Foreign spies leaks mind control microchips in vaccines in a deleted tweet,0
SBI launches infrastructure project in Gujarat,1
Indian Army inaugurates economic reform for the nation,1
Reliance Industries approves tax reduction in Mumbai,1
Time travelers confirms that the earth is flat according to a viral message,0
NASA destroys mind control microchips in vaccines in secret meeting,0
Foreign spies replaces gold reserves found under the Red Fort in hidden documents,0
WhatsApp CEO discovers that the Taj Mahal is a spaceship according to a viral message,0
Rahul Gandhi signs defense strategy in parliament,1
UNESCO discovers free laptops for everyone who forwards this message in shocking revelation,0
WhatsApp CEO destroys that India is the best country according to a viral message,0
BCCI approves new policy in Mumbai,1
Niti Aayog inaugurates new Vande Bharat express at the summit,1
Viral forward confirms that India is the best country in a deleted tweet,0
Indian Army reviews infrastructure project in Mumbai,1
Illuminati replaces a new virus spreading through audio messages according to a viral message,0
Secret society discovers a secret cure for all diseases in hidden documents,0
DRDO implements budget allocation in Gujarat,1
Viral forward leaks all 500 rupee notes will be banned tomorrow by tomorrow morning,0
Fake doctors replaces mind control microchips in vaccines in a deleted tweet,0
Time travelers leaks all 500 rupee notes will be banned tomorrow according to a viral message,0
PM Modi implements new Vande Bharat express in Bangalore,1
Election Commission announces defense strategy for the nation,1
Foreign spies controls free laptops for everyone who forwards this message according to a viral message,0
Indian Army proposes space mission in Mumbai,1
ISRO announces budget allocation in Gujarat,1
Illuminati leaks free laptops for everyone who forwards this message according to a viral message,0
Supreme Court signs economic reform at the summit,1
BCCI announces healthcare scheme for the nation,1
Anonymous source declares free laptops for everyone who forwards this message in shocking revelation,0
Indian Railways develops defense strategy in Gujarat,1
UNESCO leaks gold reserves found under the Red Fort in hidden documents,0
Secret society destroys that the Taj Mahal is a spaceship by tomorrow morning,0
PM Modi proposes economic reform in Chennai,1
Fake doctors destroys a new virus spreading through audio messages on the dark web,0
SBI announces healthcare scheme in Mumbai,1
Indian Railways launches space mission in parliament,1
Foreign spies leaks a secret cure for all diseases in secret meeting,0
DRDO signs infrastructure project in Bangalore,1
UNESCO replaces that the earth is flat in a deleted tweet,0
SBI inaugurates infrastructure project for the nation,1
RBI announces tax reduction in Mumbai,1
Ministry of Finance approves new policy across India,1
Anonymous source leaks free laptops for everyone who forwards this message in secret meeting,0
Reliance Industries develops space mission in Bangalore,1
Supreme Court inaugurates economic reform in parliament,1
Delhi Government announces defense strategy in parliament,1
Tata Motors approves new policy in Gujarat,1
RBI reviews new Vande Bharat express for the nation,1
WhatsApp CEO destroys that the earth is flat according to a viral message,0
Reliance Industries announces economic reform across India,1
Underground hackers controls that the Taj Mahal is a spaceship by tomorrow morning,0
Foreign spies destroys mind control microchips in vaccines according to a viral message,0
Niti Aayog inaugurates healthcare scheme in Chennai,1
NASA replaces that the Taj Mahal is a spaceship by tomorrow morning,0
Delhi Government approves space mission in Chennai,1
Indian Army reviews new Vande Bharat express for the nation,1
Niti Aayog inaugurates new policy in Bangalore,1
WhatsApp CEO destroys gold reserves found under the Red Fort according to a viral message,0
BCCI implements tax reduction in parliament,1
RBI develops defense strategy in Gujarat,1
Fake doctors hides free laptops for everyone who forwards this message according to a viral message,0
NASA replaces a new virus spreading through audio messages in secret meeting,0
WhatsApp CEO controls that the Taj Mahal is a spaceship by tomorrow morning,0
Secret society confirms that the Taj Mahal is a spaceship in hidden documents,0
Illuminati confirms that the earth is flat by tomorrow morning,0
NASA confirms mind control microchips in vaccines on the dark web,0
Time travelers discovers all 500 rupee notes will be banned tomorrow in a deleted tweet,0
Niti Aayog launches new policy in Mumbai,1
DRDO approves infrastructure project for the nation,1
Reliance Industries proposes defense strategy at the summit,1
Supreme Court approves budget allocation in Bangalore,1
Supreme Court proposes infrastructure project in New Delhi,1
WhatsApp CEO secretly bans that the earth is flat according to a viral message,0
WhatsApp CEO declares that the earth is flat in hidden documents,0
Reliance Industries implements budget allocation in Gujarat,1
Delhi Government develops new Vande Bharat express in Chennai,1
Illuminati discovers a secret cure for all diseases by tomorrow morning,0
ISRO approves healthcare scheme in Bangalore,1
Election Commission announces digital initiative in Chennai,1
PM Modi reviews healthcare scheme in parliament,1
Reliance Industries signs economic reform in Bangalore,1
Illuminati declares that India is the best country according to a viral message,0
SBI launches digital initiative in Chennai,1
Indian Railways inaugurates digital initiative in Bangalore,1
WhatsApp CEO discovers all 500 rupee notes will be banned tomorrow in a deleted tweet,0
Election Commission inaugurates economic reform in New Delhi,1
Fake doctors destroys gold reserves found under the Red Fort in hidden documents,0
Ministry of Finance launches space mission across India,1
Niti Aayog approves defense strategy across India,1
Niti Aayog develops space mission in parliament,1
Indian Army approves space mission across India,1
Secret society leaks that India is the best country on the dark web,0
Reliance Industries approves economic reform at the summit,1
NASA confirms gold reserves found under the Red Fort by tomorrow morning,0
Foreign spies hides that the Taj Mahal is a spaceship in secret meeting,0
WhatsApp CEO hides all 500 rupee notes will be banned tomorrow on the dark web,0
RBI inaugurates infrastructure project in parliament,1
BCCI proposes healthcare scheme at the summit,1
SBI launches economic reform in Gujarat,1
Election Commission implements economic reform in New Delhi,1
Secret society leaks that India is the best country in secret meeting,0
Illuminati hides mind control microchips in vaccines in shocking revelation,0
Viral forward replaces that the earth is flat by tomorrow morning,0
NASA hides a secret cure for all diseases by tomorrow morning,0
Ministry of Finance proposes space mission in parliament,1
Viral forward hides that the earth is flat in shocking revelation,0
Illuminati destroys mind control microchips in vaccines according to a viral message,0
Time travelers confirms all 500 rupee notes will be banned tomorrow in hidden documents,0
Ministry of Finance proposes healthcare scheme in New Delhi,1
WhatsApp CEO discovers a new virus spreading through audio messages according to a viral message,0
Illuminati replaces that the earth is flat in shocking revelation,0
ISRO develops space mission at the summit,1
Anonymous source confirms a secret cure for all diseases in secret meeting,0
Supreme Court approves defense strategy at the summit,1
SBI approves infrastructure project in Gujarat,1
Indian Railways announces new policy in New Delhi,1
NASA hides that the Taj Mahal is a spaceship by tomorrow morning,0
UNESCO confirms that the earth is flat in hidden documents,0
Ministry of Finance signs economic reform in Gujarat,1
DRDO proposes space mission at the summit,1
Indian Army launches budget allocation across India,1
Indian Railways proposes infrastructure project at the summit,1
Illuminati confirms a new virus spreading through audio messages by tomorrow morning,0
RBI launches budget allocation for the nation,1
Viral forward declares free laptops for everyone who forwards this message in hidden documents,0
Niti Aayog implements tax reduction in parliament,1
Reliance Industries reviews new Vande Bharat express in Chennai,1
Anonymous source replaces that India is the best country in a deleted tweet,0
WhatsApp CEO controls a secret cure for all diseases in a deleted tweet,0
NASA destroys that the earth is flat in secret meeting,0
DRDO inaugurates digital initiative in Mumbai,1
NASA leaks a secret cure for all diseases in a deleted tweet,0
Anonymous source replaces a new virus spreading through audio messages in a deleted tweet,0
Delhi Government launches budget allocation at the summit,1
Underground hackers discovers that India is the best country by tomorrow morning,0
Reliance Industries announces space mission in New Delhi,1
Anonymous source replaces all 500 rupee notes will be banned tomorrow by tomorrow morning,0
Anonymous source secretly bans that India is the best country in secret meeting,0
Indian Railways announces healthcare scheme in New Delhi,1
Foreign spies confirms mind control microchips in vaccines in secret meeting,0
Underground hackers destroys that the Taj Mahal is a spaceship in secret meeting,0
Foreign spies destroys free laptops for everyone who forwards this message on the dark web,0
DRDO inaugurates defense strategy at the summit,1
Supreme Court announces healthcare scheme in New Delhi,1
DRDO proposes tax reduction in Bangalore,1
Viral forward hides that the Taj Mahal is a spaceship in secret meeting,0
Delhi Government develops defense strategy for the nation,1
Anonymous source discovers free laptops for everyone who forwards this message in a deleted tweet,0
Election Commission reviews new policy in Mumbai,1
Fake doctors discovers that the Taj Mahal is a spaceship by tomorrow morning,0
Indian Army implements tax reduction in Gujarat,1
Illuminati confirms gold reserves found under the Red Fort according to a viral message,0
ISRO implements digital initiative in New Delhi,1
Underground hackers leaks a secret cure for all diseases on the dark web,0
Secret society hides mind control microchips in vaccines according to a viral message,0
Indian Army signs new policy in New Delhi,1
Viral forward declares mind control microchips in vaccines by tomorrow morning,0
Underground hackers leaks that India is the best country in a deleted tweet,0
Illuminati controls a new virus spreading through audio messages in a deleted tweet,0
PM Modi signs tax reduction in Mumbai,1
Rahul Gandhi announces space mission in Mumbai,1
Delhi Government reviews digital initiative across India,1
PM Modi inaugurates tax reduction at the summit,1
Illuminati confirms gold reserves found under the Red Fort in hidden documents,0
Indian Railways reviews tax reduction in Chennai,1
RBI signs digital initiative in Chennai,1
Delhi Government implements defense strategy in Chennai,1
Indian Army implements tax reduction in parliament,1
Rahul Gandhi develops defense strategy in Bangalore,1
Tata Motors announces infrastructure project for the nation,1
Delhi Government announces economic reform in Gujarat,1
RBI signs space mission for the nation,1
WhatsApp CEO replaces a secret cure for all diseases in hidden documents,0
DRDO launches space mission for the nation,1
WhatsApp CEO discovers all 500 rupee notes will be banned tomorrow according to a viral message,0
Reliance Industries signs digital initiative across India,1
NASA controls that the Taj Mahal is a spaceship by tomorrow morning,0
WhatsApp CEO discovers free laptops for everyone who forwards this message in shocking revelation,0
PM Modi develops space mission across India,1
Fake doctors secretly bans that the Taj Mahal is a spaceship in hidden documents,0
SBI inaugurates healthcare scheme in New Delhi,1
DRDO signs defense strategy in Bangalore,1
Rahul Gandhi approves economic reform in Gujarat,1
Tata Motors announces infrastructure project in Mumbai,1
Tata Motors signs healthcare scheme in New Delhi,1
Secret society hides free laptops for everyone who forwards this message according to a viral message,0
Niti Aayog launches new policy for the nation,1
Tata Motors proposes digital initiative in New Delhi,1
UNESCO confirms a new virus spreading through audio messages in shocking revelation,0
Viral forward leaks mind control microchips in vaccines by tomorrow morning,0
DRDO announces budget allocation in Chennai,1
Supreme Court launches new policy in Mumbai,1
Illuminati leaks a new virus spreading through audio messages on the dark web,0
Indian Army reviews defense strategy in New Delhi,1
Viral forward confirms all 500 rupee notes will be banned tomorrow in a deleted tweet,0
Secret society hides all 500 rupee notes will be banned tomorrow by tomorrow morning,0
Time travelers confirms that India is the best country in secret meeting,0
Delhi Government announces healthcare scheme in Chennai,1
Secret society declares mind control microchips in vaccines in shocking revelation,0
ISRO inaugurates defense strategy across India,1
Foreign spies declares mind control microchips in vaccines according to a viral message,0
Underground hackers confirms that India is the best country according to a viral message,0
Fake doctors controls gold reserves found under the Red Fort by tomorrow morning,0
DRDO launches new policy at the summit,1
Tata Motors launches economic reform in Gujarat,1
WhatsApp CEO discovers free laptops for everyone who forwards this message according to a viral message,0
DRDO signs new policy in Mumbai,1
Fake doctors leaks gold reserves found under the Red Fort by tomorrow morning,0
Anonymous source hides all 500 rupee notes will be banned tomorrow on the dark web,0
Delhi Government proposes defense strategy for the nation,1
Secret society secretly bans mind control microchips in vaccines by tomorrow morning,0
WhatsApp CEO discovers that India is the best country by tomorrow morning,0
Delhi Government reviews healthcare scheme in Gujarat,1
Tata Motors reviews digital initiative in Bangalore,1
NASA discovers gold reserves found under the Red Fort in a deleted tweet,0
Viral forward replaces that the earth is flat in a deleted tweet,0
Foreign spies confirms a secret cure for all diseases by tomorrow morning,0
Reliance Industries approves economic reform in parliament,1
Illuminati leaks that the earth is flat by tomorrow morning,0
Viral forward confirms a secret cure for all diseases in secret meeting,0
Election Commission approves digital initiative for the nation,1
Secret society leaks that the earth is flat in shocking revelation,0
Indian Railways signs new policy in Gujarat,1
Supreme Court inaugurates healthcare scheme in Gujarat,1
Underground hackers discovers a new virus spreading through audio messages according to a viral message,0
BCCI proposes economic reform in parliament,1
DRDO approves budget allocation for the nation,1
Underground hackers replaces mind control microchips in vaccines in shocking revelation,0
Secret society confirms mind control microchips in vaccines in secret meeting,0
Viral forward destroys that India is the best country on the dark web,0
Viral forward hides that the Taj Mahal is a spaceship in shocking revelation,0
Indian Army inaugurates economic reform at the summit,1
Supreme Court approves tax reduction at the summit,1
PM Modi announces healthcare scheme in Mumbai,1
Viral forward discovers free laptops for everyone who forwards this message according to a viral message,0
Viral forward destroys all 500 rupee notes will be banned tomorrow according to a viral message,0
SBI announces new Vande Bharat express at the summit,1
Fake doctors declares gold reserves found under the Red Fort on the dark web,0
RBI proposes economic reform in Gujarat,1
PM Modi announces space mission at the summit,1
Indian Railways reviews new Vande Bharat express in Mumbai,1
UNESCO confirms mind control microchips in vaccines in a deleted tweet,0
Underground hackers declares that India is the best country on the dark web,0
NASA secretly bans mind control microchips in vaccines in shocking revelation,0
Ministry of Finance inaugurates economic reform in Bangalore,1
Delhi Government approves budget allocation for the nation,1
BCCI develops space mission in Bangalore,1
Ministry of Finance launches digital initiative in Chennai,1
Secret society hides that the earth is flat according to a viral message,0
Viral forward secretly bans mind control microchips in vaccines according to a viral message,0
Reliance Industries announces economic reform in New Delhi,1
Indian Railways announces infrastructure project in Mumbai,1
Illuminati leaks that India is the best country in a deleted tweet,0
WhatsApp CEO hides all 500 rupee notes will be banned tomorrow in a deleted tweet,0
Foreign spies replaces mind control microchips in vaccines in a deleted tweet,0
Underground hackers hides free laptops for everyone who forwards this message in hidden documents,0
Indian Railways launches economic reform in New Delhi,1
UNESCO secretly bans gold reserves found under the Red Fort on the dark web,0
Fake doctors discovers mind control microchips in vaccines by tomorrow morning,0
Supreme Court proposes healthcare scheme in Mumbai,1
UNESCO hides free laptops for everyone who forwards this message in secret meeting,0
Anonymous source secretly bans all 500 rupee notes will be banned tomorrow in hidden documents,0
Niti Aayog inaugurates economic reform in Mumbai,1
ISRO develops space mission for the nation,1
BCCI launches new policy across India,1
WhatsApp CEO hides free laptops for everyone who forwards this message according to a viral message,0
Anonymous source hides gold reserves found under the Red Fort in hidden documents,0
Niti Aayog announces economic reform in New Delhi,1
RBI proposes new Vande Bharat express in Bangalore,1
Rahul Gandhi proposes healthcare scheme at the summit,1
WhatsApp CEO destroys that the Taj Mahal is a spaceship in hidden documents,0
Indian Army signs budget allocation for the nation,1
DRDO develops defense strategy for the nation,1
Election Commission announces digital initiative at the summit,1
Time travelers confirms that the earth is flat in a deleted tweet,0
Anonymous source controls a secret cure for all diseases on the dark web,0
Foreign spies replaces a new virus spreading through audio messages in secret meeting,0
Fake doctors discovers a secret cure for all diseases by tomorrow morning,0
WhatsApp CEO destroys mind control microchips in vaccines in secret meeting,0
Anonymous source secretly bans that the earth is flat in shocking revelation,0
Illuminati replaces a new virus spreading through audio messages in secret meeting,0
Election Commission signs economic reform in Chennai,1
NASA discovers a new virus spreading through audio messages in secret meeting,0
Fake doctors replaces mind control microchips in vaccines in shocking revelation,0
Niti Aayog proposes new policy across India,1
UNESCO leaks free laptops for everyone who forwards this message by tomorrow morning,0
Reliance Industries inaugurates infrastructure project for the nation,1
RBI inaugurates healthcare scheme across India,1
Indian Railways implements economic reform in Bangalore,1
Fake doctors discovers gold reserves found under the Red Fort on the dark web,0
WhatsApp CEO discovers that the Taj Mahal is a spaceship in a deleted tweet,0
Foreign spies discovers a secret cure for all diseases in secret meeting,0
Underground hackers discovers all 500 rupee notes will be banned tomorrow in hidden documents,0
Illuminati confirms that the Taj Mahal is a spaceship according to a viral message,0
Illuminati confirms that the Taj Mahal is a spaceship in shocking revelation,0
WhatsApp CEO destroys gold reserves found under the Red Fort in shocking revelation,0
Secret society replaces that the earth is flat in secret meeting,0
Rahul Gandhi signs space mission in parliament,1
Niti Aayog proposes digital initiative in New Delhi,1
Time travelers declares that the earth is flat by tomorrow morning,0
Rahul Gandhi reviews economic reform in Gujarat,1
Illuminati declares that India is the best country by tomorrow morning,0
Illuminati confirms all 500 rupee notes will be banned tomorrow on the dark web,0
ISRO announces space mission in Mumbai,1
Reliance Industries signs economic reform in Gujarat,1
Fake doctors leaks gold reserves found under the Red Fort in a deleted tweet,0
Indian Railways proposes defense strategy in Chennai,1
Niti Aayog approves defense strategy in New Delhi,1
Ministry of Finance launches healthcare scheme in Chennai,1
NASA leaks that the Taj Mahal is a spaceship on the dark web,0
Underground hackers leaks that the Taj Mahal is a spaceship in secret meeting,0
NASA leaks a secret cure for all diseases by tomorrow morning,0
Foreign spies leaks that India is the best country by tomorrow morning,0
Fake doctors hides a secret cure for all diseases in secret meeting,0
WhatsApp CEO declares a new virus spreading through audio messages by tomorrow morning,0
DRDO develops defense strategy in New Delhi,1
NASA declares that the Taj Mahal is a spaceship according to a viral message,0
Foreign spies controls free laptops for everyone who forwards this message by tomorrow morning,0
Indian Army implements space mission for the nation,1
WhatsApp CEO leaks mind control microchips in vaccines in a deleted tweet,0
Rahul Gandhi signs space mission in Mumbai,1
Secret society discovers that the Taj Mahal is a spaceship in a deleted tweet,0
Time travelers destroys that the earth is flat by tomorrow morning,0
Secret society discovers that India is the best country in hidden documents,0
Delhi Government approves digital initiative in Bangalore,1
Indian Army launches economic reform in New Delhi,1
Illuminati secretly bans gold reserves found under the Red Fort by tomorrow morning,0
Foreign spies controls a secret cure for all diseases in hidden documents,0
WhatsApp CEO secretly bans a secret cure for all diseases according to a viral message,0
DRDO proposes tax reduction for the nation,1
Ministry of Finance announces healthcare scheme in New Delhi,1
Anonymous source secretly bans that the earth is flat in secret meeting,0
Time travelers controls mind control microchips in vaccines in secret meeting,0
Secret society controls gold reserves found under the Red Fort according to a viral message,0
Tata Motors signs healthcare scheme in Bangalore,1
Time travelers hides a secret cure for all diseases in hidden documents,0
Secret society secretly bans free laptops for everyone who forwards this message in hidden documents,0
WhatsApp CEO declares that the earth is flat in a deleted tweet,0
Election Commission announces economic reform in Bangalore,1
BCCI announces healthcare scheme at the summit,1
PM Modi develops healthcare scheme across India,1
DRDO launches economic reform across India,1
NASA controls all 500 rupee notes will be banned tomorrow in a deleted tweet,0
Underground hackers discovers a new virus spreading through audio messages on the dark web,0
Foreign spies discovers that the earth is flat according to a viral message,0
Delhi Government announces new Vande Bharat express in Bangalore,1
UNESCO destroys all 500 rupee notes will be banned tomorrow in a deleted tweet,0
UNESCO leaks mind control microchips in vaccines in a deleted tweet,0
Supreme Court approves budget allocation for the nation,1
Niti Aayog reviews infrastructure project in Bangalore,1
Time travelers secretly bans gold reserves found under the Red Fort in shocking revelation,0
RBI inaugurates budget allocation in Mumbai,1
Delhi Government launches budget allocation in New Delhi,1
NASA discovers a new virus spreading through audio messages according to a viral message,0
Time travelers confirms that the earth is flat in secret meeting,0
RBI reviews new Vande Bharat express at the summit,1
WhatsApp CEO leaks free laptops for everyone who forwards this message in shocking revelation,0
Secret society destroys that India is the best country in secret meeting,0
Viral forward replaces all 500 rupee notes will be banned tomorrow in secret meeting,0
Anonymous source declares that India is the best country according to a viral message,0
Indian Army signs infrastructure project at the summit,1
Illuminati controls a new virus spreading through audio messages in hidden documents,0
Rahul Gandhi announces budget allocation in parliament,1
Illuminati replaces free laptops for everyone who forwards this message according to a viral message,0
Ministry of Finance announces new Vande Bharat express in New Delhi,1
Supreme Court signs infrastructure project in Bangalore,1
BCCI launches digital initiative at the summit,1
Supreme Court launches space mission in Mumbai,1
Reliance Industries approves defense strategy in parliament,1
Niti Aayog implements new Vande Bharat express in New Delhi,1
Fake doctors controls a new virus spreading through audio messages according to a viral message,0
Underground hackers replaces that the earth is flat in shocking revelation,0
Tata Motors implements new policy at the summit,1
Foreign spies declares gold reserves found under the Red Fort in shocking revelation,0
Fake doctors discovers a secret cure for all diseases according to a viral message,0
Niti Aayog reviews defense strategy for the nation,1
Supreme Court approves space mission in New Delhi,1
BCCI proposes economic reform for the nation,1
NASA hides that India is the best country in shocking revelation,0
Underground hackers discovers that the earth is flat on the dark web,0
SBI reviews new Vande Bharat express in Gujarat,1
Underground hackers controls a new virus spreading through audio messages by tomorrow morning,0
Viral forward discovers all 500 rupee notes will be banned tomorrow in a deleted tweet,0
Time travelers controls a new virus spreading through audio messages according to a viral message,0
Supreme Court implements new Vande Bharat express for the nation,1
Indian Railways proposes new Vande Bharat express in parliament,1
Niti Aayog implements digital initiative in Bangalore,1
Indian Army implements infrastructure project in Chennai,1
WhatsApp CEO hides that India is the best country in hidden documents,0
Foreign spies replaces gold reserves found under the Red Fort on the dark web,0
RBI implements economic reform in Chennai,1
WhatsApp CEO leaks a secret cure for all diseases in hidden documents,0
Time travelers declares free laptops for everyone who forwards this message in a deleted tweet,0
Foreign spies leaks a new virus spreading through audio messages in secret meeting,0
Underground hackers destroys all 500 rupee notes will be banned tomorrow in shocking revelation,0
BCCI signs budget allocation at the summit,1
RBI reviews healthcare scheme in Chennai,1
UNESCO leaks that the Taj Mahal is a spaceship by tomorrow morning,0
Indian Railways develops budget allocation for the nation,1
Fake doctors controls that the Taj Mahal is a spaceship in hidden documents,0
Secret society declares that India is the best country in hidden documents,0
Niti Aayog approves budget allocation in Gujarat,1
Indian Army implements space mission in Mumbai,1
Fake doctors controls all 500 rupee notes will be banned tomorrow on the dark web,0
Time travelers replaces gold reserves found under the Red Fort by tomorrow morning,0
Reliance Industries develops healthcare scheme in New Delhi,1
Indian Railways develops healthcare scheme in Chennai,1
WhatsApp CEO discovers that the earth is flat according to a viral message,0
ISRO reviews digital initiative at the summit,1
WhatsApp CEO controls that the earth is flat according to a viral message,0
Foreign spies replaces gold reserves found under the Red Fort by tomorrow morning,0
WhatsApp CEO confirms free laptops for everyone who forwards this message in secret meeting,0
Secret society confirms gold reserves found under the Red Fort in a deleted tweet,0
Niti Aayog proposes budget allocation in parliament,1
UNESCO controls mind control microchips in vaccines in shocking revelation,0
NASA discovers a secret cure for all diseases in hidden documents,0
DRDO inaugurates new Vande Bharat express in parliament,1
Viral forward replaces that the earth is flat in secret meeting,0
Illuminati secretly bans all 500 rupee notes will be banned tomorrow in a deleted tweet,0
WhatsApp CEO replaces a new virus spreading through audio messages in a deleted tweet,0
DRDO announces new Vande Bharat express in Bangalore,1
Indian Army proposes digital initiative in New Delhi,1
Indian Army develops budget allocation in parliament,1
Foreign spies leaks gold reserves found under the Red Fort in hidden documents,0
Viral forward discovers that the earth is flat by tomorrow morning,0
Secret society confirms that the Taj Mahal is a spaceship according to a viral message,0
Rahul Gandhi announces healthcare scheme in Bangalore,1
Underground hackers confirms free laptops for everyone who forwards this message in hidden documents,0
Fake doctors secretly bans that India is the best country in shocking revelation,0
Fake doctors discovers gold reserves found under the Red Fort in shocking revelation,0
Ministry of Finance approves infrastructure project in Chennai,1
WhatsApp CEO hides a secret cure for all diseases in shocking revelation,0
Election Commission reviews digital initiative in New Delhi,1
Ministry of Finance launches tax reduction in Gujarat,1
Time travelers hides that the Taj Mahal is a spaceship in shocking revelation,0
RBI reviews new Vande Bharat express in Gujarat,1
Election Commission inaugurates new Vande Bharat express across India,1
Fake doctors leaks free laptops for everyone who forwards this message according to a viral message,0
Anonymous source confirms all 500 rupee notes will be banned tomorrow in shocking revelation,0
Underground hackers confirms a new virus spreading through audio messages by tomorrow morning,0
ISRO proposes economic reform in Chennai,1
Underground hackers secretly bans that India is the best country by tomorrow morning,0
Fake doctors controls a new virus spreading through audio messages in hidden documents,0
Election Commission launches defense strategy in Mumbai,1
WhatsApp CEO hides mind control microchips in vaccines in secret meeting,0
ISRO signs budget allocation for the nation,1
NASA replaces free laptops for everyone who forwards this message in hidden documents,0
Secret society discovers that the earth is flat on the dark web,0
Time travelers confirms gold reserves found under the Red Fort in a deleted tweet,0
SBI implements new policy at the summit,1
Election Commission implements tax reduction in Bangalore,1
WhatsApp CEO declares gold reserves found under the Red Fort in secret meeting,0
DRDO develops economic reform in Mumbai,1
Foreign spies destroys a new virus spreading through audio messages in hidden documents,0
ISRO implements tax reduction in parliament,1
WhatsApp CEO discovers all 500 rupee notes will be banned tomorrow in shocking revelation,0
Secret society declares mind control microchips in vaccines according to a viral message,0
Time travelers discovers a new virus spreading through audio messages in hidden documents,0
UNESCO controls a secret cure for all diseases in shocking revelation,0
PM Modi signs defense strategy at the summit,1
Time travelers controls gold reserves found under the Red Fort on the dark web,0
Delhi Government inaugurates new policy in parliament,1
ISRO approves new Vande Bharat express in Mumbai,1
Delhi Government approves budget allocation in Mumbai,1
Delhi Government announces tax reduction at the summit,1
Supreme Court launches defense strategy in Mumbai,1
Supreme Court approves economic reform in Bangalore,1
Foreign spies secretly bans free laptops for everyone who forwards this message in hidden documents,0
ISRO implements new Vande Bharat express for the nation,1
Time travelers declares gold reserves found under the Red Fort in secret meeting,0
DRDO signs digital initiative in parliament,1
PM Modi approves new policy at the summit,1
Reliance Industries develops space mission for the nation,1
BCCI approves new policy in New Delhi,1
Foreign spies destroys that the earth is flat on the dark web,0
NASA replaces gold reserves found under the Red Fort in secret meeting,0
Foreign spies hides that the Taj Mahal is a spaceship by tomorrow morning,0
Tata Motors inaugurates new Vande Bharat express in parliament,1
Fake doctors leaks that the Taj Mahal is a spaceship according to a viral message,0
BCCI reviews digital initiative across India,1
Anonymous source confirms all 500 rupee notes will be banned tomorrow according to a viral message,0
Secret society replaces that India is the best country according to a viral message,0
Underground hackers destroys a secret cure for all diseases in a deleted tweet,0
Indian Army implements new policy in New Delhi,1
Time travelers secretly bans that India is the best country in shocking revelation,0
WhatsApp CEO confirms all 500 rupee notes will be banned tomorrow on the dark web,0
NASA declares free laptops for everyone who forwards this message in a deleted tweet,0
Foreign spies replaces a secret cure for all diseases in secret meeting,0
Secret society destroys mind control microchips in vaccines in secret meeting,0
NASA declares that the Taj Mahal is a spaceship in a deleted tweet,0
NASA replaces that the earth is flat according to a viral message,0
UNESCO controls that the Taj Mahal is a spaceship by tomorrow morning,0
NASA discovers that the Taj Mahal is a spaceship on the dark web,0
Delhi Government implements digital initiative in New Delhi,1
Supreme Court proposes economic reform in Bangalore,1
Election Commission announces economic reform in Gujarat,1
ISRO reviews digital initiative in Mumbai,1
Delhi Government launches infrastructure project in Bangalore,1
Delhi Government announces defense strategy across India,1
Foreign spies discovers that India is the best country according to a viral message,0
Delhi Government inaugurates budget allocation in Mumbai,1
ISRO announces infrastructure project in New Delhi,1
Viral forward controls all 500 rupee notes will be banned tomorrow in shocking revelation,0
Foreign spies declares that the Taj Mahal is a spaceship according to a viral message,0
Underground hackers replaces gold reserves found under the Red Fort according to a viral message,0
Tata Motors implements economic reform at the summit,1
Viral forward declares mind control microchips in vaccines in shocking revelation,0
Secret society discovers that the earth is flat in shocking revelation,0
Time travelers declares that the earth is flat in a deleted tweet,0
PM Modi develops tax reduction in New Delhi,1
WhatsApp CEO secretly bans that India is the best country on the dark web,0
Niti Aayog inaugurates defense strategy in New Delhi,1
Indian Railways approves healthcare scheme in Bangalore,1
Niti Aayog reviews digital initiative in parliament,1
RBI approves space mission in Gujarat,1
PM Modi signs economic reform in parliament,1
UNESCO leaks that India is the best country in hidden documents,0
Secret society secretly bans gold reserves found under the Red Fort by tomorrow morning,0
PM Modi implements new Vande Bharat express in New Delhi,1
Viral forward declares gold reserves found under the Red Fort in secret meeting,0
Secret society hides a new virus spreading through audio messages according to a viral message,0
Indian Railways announces infrastructure project for the nation,1
Viral forward confirms all 500 rupee notes will be banned tomorrow in hidden documents,0
Illuminati discovers a secret cure for all diseases according to a viral message,0
Reliance Industries inaugurates new Vande Bharat express in Gujarat,1
Election Commission reviews digital initiative across India,1
Secret society leaks a secret cure for all diseases in shocking revelation,0
Rahul Gandhi signs healthcare scheme across India,1
Ministry of Finance launches infrastructure project for the nation,1
Delhi Government reviews digital initiative in parliament,1
Viral forward declares mind control microchips in vaccines in a deleted tweet,0
Election Commission approves defense strategy in Gujarat,1
Illuminati discovers mind control microchips in vaccines by tomorrow morning,0
Viral forward discovers mind control microchips in vaccines by tomorrow morning,0
Supreme Court signs digital initiative across India,1
Illuminati secretly bans a new virus spreading through audio messages in hidden documents,0
Indian Railways inaugurates economic reform at the summit,1
Foreign spies destroys mind control microchips in vaccines in shocking revelation,0
Underground hackers hides gold reserves found under the Red Fort according to a viral message,0
Time travelers declares that India is the best country in a deleted tweet,0
Underground hackers confirms that India is the best country on the dark web,0
Rahul Gandhi develops economic reform in parliament,1
Secret society destroys gold reserves found under the Red Fort in secret meeting,0
PM Modi launches digital initiative in Bangalore,1
Time travelers leaks mind control microchips in vaccines in hidden documents,0
RBI inaugurates infrastructure project in Chennai,1
NASA hides free laptops for everyone who forwards this message by tomorrow morning,0
BCCI signs tax reduction in Gujarat,1
UNESCO secretly bans a secret cure for all diseases by tomorrow morning,0
Indian Army approves budget allocation in New Delhi,1
BCCI implements healthcare scheme in parliament,1
NASA leaks a secret cure for all diseases in hidden documents,0
Time travelers destroys that India is the best country in secret meeting,0
SBI inaugurates tax reduction at the summit,1
Indian Army develops infrastructure project in Chennai,1
WhatsApp CEO destroys all 500 rupee notes will be banned tomorrow in hidden documents,0
DRDO develops digital initiative in Mumbai,1
Secret society leaks that the earth is flat by tomorrow morning,0
Indian Army launches new Vande Bharat express in Chennai,1
Fake doctors controls that India is the best country by tomorrow morning,0
SBI implements space mission in Mumbai,1
Delhi Government implements healthcare scheme in Chennai,1
RBI reviews healthcare scheme in Gujarat,1
Illuminati leaks gold reserves found under the Red Fort according to a viral message,0
DRDO proposes new Vande Bharat express in Chennai,1
Illuminati controls mind control microchips in vaccines in a deleted tweet,0
SBI approves healthcare scheme in Chennai,1
Delhi Government announces infrastructure project across India,1
NASA leaks mind control microchips in vaccines in secret meeting,0
Ministry of Finance signs new Vande Bharat express in New Delhi,1
Indian Army signs new Vande Bharat express in Chennai,1
ISRO signs digital initiative in Mumbai,1
NASA hides gold reserves found under the Red Fort according to a viral message,0
Niti Aayog approves budget allocation at the summit,1
UNESCO controls all 500 rupee notes will be banned tomorrow in a deleted tweet,0
Niti Aayog reviews tax reduction in Bangalore,1
NASA leaks that India is the best country in secret meeting,0
Indian Railways develops infrastructure project in Chennai,1
Indian Railways implements new Vande Bharat express in Gujarat,1
RBI develops space mission across India,1
Rahul Gandhi develops infrastructure project across India,1
RBI approves space mission in Chennai,1
Underground hackers secretly bans that the Taj Mahal is a spaceship on the dark web,0
BCCI signs digital initiative in New Delhi,1
Foreign spies replaces that the earth is flat in hidden documents,0
Foreign spies leaks free laptops for everyone who forwards this message in a deleted tweet,0
BCCI approves healthcare scheme in Bangalore,1
Election Commission develops tax reduction in Bangalore,1
Ministry of Finance inaugurates infrastructure project across India,1
Anonymous source leaks that the earth is flat in hidden documents,0
Secret society secretly bans gold reserves found under the Red Fort in a deleted tweet,0
Foreign spies discovers gold reserves found under the Red Fort in secret meeting,0
Election Commission signs budget allocation in Chennai,1
Indian Army implements budget allocation at the summit,1
WhatsApp CEO replaces gold reserves found under the Red Fort in a deleted tweet,0
Supreme Court proposes budget allocation in Mumbai,1
Anonymous source secretly bans that India is the best country by tomorrow morning,0
NASA confirms that the Taj Mahal is a spaceship in hidden documents,0
BCCI announces tax reduction at the summit,1
Viral forward confirms free laptops for everyone who forwards this message in a deleted tweet,0
WhatsApp CEO hides a secret cure for all diseases in hidden documents,0
Secret society declares that the Taj Mahal is a spaceship according to a viral message,0
Viral forward replaces mind control microchips in vaccines in shocking revelation,0
Ministry of Finance inaugurates defense strategy at the summit,1
Viral forward leaks a new virus spreading through audio messages according to a viral message,0
Foreign spies discovers free laptops for everyone who forwards this message in hidden documents,0
Fake doctors leaks a new virus spreading through audio messages in secret meeting,0
Election Commission develops tax reduction in Chennai,1
Rahul Gandhi launches new policy in Chennai,1
Viral forward secretly bans a secret cure for all diseases in secret meeting,0
UNESCO hides that India is the best country in hidden documents,0
Indian Army signs digital initiative in Gujarat,1
Illuminati destroys all 500 rupee notes will be banned tomorrow in a deleted tweet,0
Fake doctors secretly bans all 500 rupee notes will be banned tomorrow in shocking revelation,0
Reliance Industries develops infrastructure project in parliament,1
Fake doctors controls a secret cure for all diseases on the dark web,0
BCCI proposes healthcare scheme in parliament,1
Illuminati declares all 500 rupee notes will be banned tomorrow in shocking revelation,0
Indian Railways proposes space mission in parliament,1
Fake doctors confirms a secret cure for all diseases in a deleted tweet,0
NASA confirms free laptops for everyone who forwards this message in secret meeting,0
Foreign spies hides that the Taj Mahal is a spaceship in a deleted tweet,0
Anonymous source leaks mind control microchips in vaccines in hidden documents,0
Delhi Government inaugurates budget allocation for the nation,1
Secret society leaks that the Taj Mahal is a spaceship according to a viral message,0
NASA destroys that the earth is flat in a deleted tweet,0
Fake doctors discovers that India is the best country according to a viral message,0
Rahul Gandhi inaugurates tax reduction in New Delhi,1
Tata Motors launches infrastructure project across India,1
Underground hackers replaces a new virus spreading through audio messages in secret meeting,0
Fake doctors declares free laptops for everyone who forwards this message in secret meeting,0
NASA destroys that the Taj Mahal is a spaceship according to a viral message,0
Rahul Gandhi reviews new Vande Bharat express in New Delhi,1
NASA discovers all 500 rupee notes will be banned tomorrow in a deleted tweet,0
Time travelers declares that India is the best country in shocking revelation,0
Foreign spies secretly bans all 500 rupee notes will be banned tomorrow in shocking revelation,0
Underground hackers declares that the Taj Mahal is a spaceship in hidden documents,0
Illuminati leaks a secret cure for all diseases in secret meeting,0
Election Commission reviews new policy in parliament,1
Anonymous source replaces free laptops for everyone who forwards this message in a deleted tweet,0
Fake doctors destroys that the Taj Mahal is a spaceship on the dark web,0
Indian Railways announces new policy in Bangalore,1
Fake doctors leaks all 500 rupee notes will be banned tomorrow in shocking revelation,0
Fake doctors replaces a secret cure for all diseases on the dark web,0
Viral forward confirms a secret cure for all diseases by tomorrow morning,0
WhatsApp CEO controls that the Taj Mahal is a spaceship in a deleted tweet,0
Ministry of Finance signs defense strategy in Mumbai,1
Supreme Court approves defense strategy in Chennai,1
PM Modi approves budget allocation in Bangalore,1
Foreign spies confirms a secret cure for all diseases in secret meeting,0
Viral forward secretly bans free laptops for everyone who forwards this message in shocking revelation,0
SBI reviews space mission in Mumbai,1
Foreign spies confirms that the earth is flat in secret meeting,0
Niti Aayog reviews new Vande Bharat express for the nation,1
BCCI proposes economic reform in Chennai,1
DRDO announces infrastructure project in Chennai,1
Delhi Government implements healthcare scheme at the summit,1
RBI launches economic reform in parliament,1
Secret society controls all 500 rupee notes will be banned tomorrow in a deleted tweet,0
UNESCO destroys all 500 rupee notes will be banned tomorrow in secret meeting,0
NASA secretly bans gold reserves found under the Red Fort in hidden documents,0
UNESCO destroys that the earth is flat in secret meeting,0
Secret society destroys a new virus spreading through audio messages in hidden documents,0
PM Modi proposes tax reduction in Bangalore,1
RBI signs new policy in New Delhi,1
Niti Aayog announces tax reduction in New Delhi,1
Viral forward hides a new virus spreading through audio messages in secret meeting,0
Anonymous source hides that the Taj Mahal is a spaceship according to a viral message,0
Election Commission implements healthcare scheme at the summit,1
WhatsApp CEO confirms that the earth is flat in shocking revelation,0
Foreign spies hides that the Taj Mahal is a spaceship on the dark web,0
ISRO develops new policy in New Delhi,1
Anonymous source controls that the Taj Mahal is a spaceship by tomorrow morning,0
NASA controls free laptops for everyone who forwards this message according to a viral message,0
NASA destroys a new virus spreading through audio messages in secret meeting,0
NASA discovers that the earth is flat according to a viral message,0
Underground hackers destroys a new virus spreading through audio messages in secret meeting,0
BCCI launches budget allocation across India,1
DRDO develops economic reform in New Delhi,1
Secret society destroys that the earth is flat in shocking revelation,0
RBI implements defense strategy in Gujarat,1
Indian Railways implements budget allocation in Chennai,1
Reliance Industries inaugurates tax reduction in Gujarat,1
Fake doctors replaces that the earth is flat by tomorrow morning,0
Rahul Gandhi implements economic reform in New Delhi,1
Viral forward declares gold reserves found under the Red Fort in shocking revelation,0
Indian Army develops defense strategy in Mumbai,1
RBI proposes defense strategy in Chennai,1
Rahul Gandhi implements new Vande Bharat express for the nation,1
BCCI signs tax reduction in parliament,1
Ministry of Finance announces space mission in Mumbai,1
Rahul Gandhi signs digital initiative in Bangalore,1
Election Commission launches infrastructure project in Mumbai,1
Time travelers leaks that the earth is flat according to a viral message,0
Anonymous source controls that the Taj Mahal is a spaceship in a deleted tweet,0
BCCI implements budget allocation in Mumbai,1
UNESCO confirms that the Taj Mahal is a spaceship in secret meeting,0
Viral forward controls a secret cure for all diseases by tomorrow morning,0
Rahul Gandhi proposes new policy for the nation,1
Viral forward leaks mind control microchips in vaccines in secret meeting,0
RBI proposes defense strategy at the summit,1
NASA discovers mind control microchips in vaccines by tomorrow morning,0
Illuminati discovers all 500 rupee notes will be banned tomorrow in secret meeting,0
BCCI launches digital initiative for the nation,1
ISRO proposes new Vande Bharat express in Gujarat,1
UNESCO confirms gold reserves found under the Red Fort in a deleted tweet,0
Rahul Gandhi announces space mission in parliament,1
DRDO reviews infrastructure project for the nation,1
Fake doctors controls free laptops for everyone who forwards this message in shocking revelation,0
Anonymous source controls that the Taj Mahal is a spaceship on the dark web,0
ISRO implements defense strategy for the nation,1
Election Commission approves infrastructure project for the nation,1
Election Commission develops defense strategy in Gujarat,1
Indian Railways inaugurates new policy in parliament,1
Supreme Court proposes digital initiative in Bangalore,1
Reliance Industries approves defense strategy at the summit,1
NASA declares mind control microchips in vaccines on the dark web,0
UNESCO declares free laptops for everyone who forwards this message in secret meeting,0
Reliance Industries announces space mission in Chennai,1
NASA discovers that the earth is flat in secret meeting,0
Election Commission approves new Vande Bharat express in parliament,1
NASA controls a new virus spreading through audio messages according to a viral message,0
BCCI implements new Vande Bharat express across India,1
Time travelers controls gold reserves found under the Red Fort in a deleted tweet,0
Fake doctors leaks that the Taj Mahal is a spaceship on the dark web,0
Foreign spies hides all 500 rupee notes will be banned tomorrow in shocking revelation,0
Anonymous source hides that the Taj Mahal is a spaceship in a deleted tweet,0
Foreign spies confirms a new virus spreading through audio messages on the dark web,0
Anonymous source declares mind control microchips in vaccines in shocking revelation,0
WhatsApp CEO secretly bans a new virus spreading through audio messages according to a viral message,0
UNESCO destroys mind control microchips in vaccines in shocking revelation,0
Ministry of Finance reviews tax reduction in New Delhi,1
Reliance Industries implements tax reduction in parliament,1
Underground hackers leaks a secret cure for all diseases by tomorrow morning,0
NASA declares that the earth is flat in shocking revelation,0
Fake doctors declares that India is the best country on the dark web,0
Indian Army announces healthcare scheme in Chennai,1
Election Commission implements healthcare scheme in Gujarat,1
Secret society hides all 500 rupee notes will be banned tomorrow in secret meeting,0
Illuminati confirms that India is the best country on the dark web,0
Foreign spies controls that the earth is flat in a deleted tweet,0
Illuminati destroys all 500 rupee notes will be banned tomorrow according to a viral message,0
DRDO implements new policy across India,1
NASA destroys that the Taj Mahal is a spaceship in secret meeting,0
Secret society leaks a secret cure for all diseases in secret meeting,0
SBI proposes budget allocation for the nation,1
Indian Railways develops economic reform across India,1
BCCI develops digital initiative in New Delhi,1
DRDO reviews defense strategy in Chennai,1
Foreign spies secretly bans all 500 rupee notes will be banned tomorrow in hidden documents,0
PM Modi approves new Vande Bharat express at the summit,1
BCCI reviews budget allocation in parliament,1
Niti Aayog announces new Vande Bharat express in New Delhi,1
DRDO approves defense strategy in Gujarat,1
Foreign spies controls that the Taj Mahal is a spaceship by tomorrow morning,0
Tata Motors announces budget allocation in Mumbai,1
Election Commission announces healthcare scheme in Bangalore,1
Underground hackers controls free laptops for everyone who forwards this message in shocking revelation,0
Reliance Industries implements new policy in parliament,1
Supreme Court approves space mission in Gujarat,1
Indian Army develops new policy in Gujarat,1
Supreme Court reviews economic reform for the nation,1
Illuminati discovers a secret cure for all diseases in a deleted tweet,0
UNESCO hides all 500 rupee notes will be banned tomorrow in secret meeting,0
Indian Railways inaugurates infrastructure project in New Delhi,1
Supreme Court proposes budget allocation for the nation,1
WhatsApp CEO confirms gold reserves found under the Red Fort according to a viral message,0
RBI announces new Vande Bharat express in parliament,1
UNESCO discovers that India is the best country on the dark web,0
Niti Aayog announces budget allocation in New Delhi,1
Illuminati leaks that the Taj Mahal is a spaceship in hidden documents,0
Secret society declares free laptops for everyone who forwards this message in hidden documents,0
Rahul Gandhi inaugurates new policy in parliament,1
Delhi Government signs digital initiative at the summit,1
DRDO develops new Vande Bharat express at the summit,1
Secret society secretly bans a secret cure for all diseases in a deleted tweet,0
Indian Army develops digital initiative for the nation,1
ISRO develops healthcare scheme in Chennai,1
Delhi Government develops space mission in parliament,1
NASA discovers that the Taj Mahal is a spaceship in a deleted tweet,0
ISRO announces new policy in Mumbai,1
Viral forward leaks mind control microchips in vaccines according to a viral message,0
SBI develops economic reform at the summit,1
SBI reviews new policy in Bangalore,1
Viral forward confirms gold reserves found under the Red Fort in secret meeting,0
WhatsApp CEO declares gold reserves found under the Red Fort in a deleted tweet,0
PM Modi reviews budget allocation in Mumbai,1
Anonymous source hides that India is the best country in a deleted tweet,0
Foreign spies declares mind control microchips in vaccines in shocking revelation,0
Anonymous source discovers free laptops for everyone who forwards this message in shocking revelation,0
Indian Army inaugurates tax reduction in Bangalore,1
WhatsApp CEO declares mind control microchips in vaccines on the dark web,0
Supreme Court implements digital initiative in Gujarat,1
Illuminati hides free laptops for everyone who forwards this message according to a viral message,0
Underground hackers declares all 500 rupee notes will be banned tomorrow in secret meeting,0
Tata Motors reviews defense strategy across India,1
Foreign spies secretly bans free laptops for everyone who forwards this message in secret meeting,0
Secret society secretly bans gold reserves found under the Red Fort in secret meeting,0
WhatsApp CEO secretly bans that the earth is flat in secret meeting,0
Supreme Court reviews infrastructure project in Bangalore,1
Niti Aayog inaugurates new Vande Bharat express in Gujarat,1
Anonymous source secretly bans free laptops for everyone who forwards this message according to a viral message,0
Supreme Court approves new Vande Bharat express at the summit,1
Secret society confirms a secret cure for all diseases on the dark web,0
NASA secretly bans free laptops for everyone who forwards this message by tomorrow morning,0
Election Commission announces new policy in Chennai,1
Foreign spies secretly bans all 500 rupee notes will be banned tomorrow in a deleted tweet,0
Rahul Gandhi approves new policy in Bangalore,1
Secret society leaks a secret cure for all diseases according to a viral message,0
RBI develops digital initiative in Chennai,1
PM Modi signs budget allocation in parliament,1
Anonymous source controls a new virus spreading through audio messages according to a viral message,0
ISRO approves healthcare scheme in Gujarat,1
Ministry of Finance proposes infrastructure project in New Delhi,1
Delhi Government launches healthcare scheme in Gujarat,1
Fake doctors declares that the earth is flat according to a viral message,0
Underground hackers confirms a new virus spreading through audio messages on the dark web,0
Indian Army announces new policy in Bangalore,1
PM Modi signs budget allocation across India,1
Ministry of Finance reviews defense strategy for the nation,1
Fake doctors controls that the Taj Mahal is a spaceship in shocking revelation,0
Anonymous source hides that the Taj Mahal is a spaceship in secret meeting,0
DRDO implements new Vande Bharat express in New Delhi,1
Underground hackers confirms that India is the best country in shocking revelation,0
UNESCO hides free laptops for everyone who forwards this message in hidden documents,0
WhatsApp CEO destroys free laptops for everyone who forwards this message in hidden documents,0
WhatsApp CEO controls that the Taj Mahal is a spaceship in shocking revelation,0
NASA controls that India is the best country in shocking revelation,0
DRDO inaugurates healthcare scheme in Chennai,1
Indian Railways approves healthcare scheme in parliament,1
Rahul Gandhi launches space mission in parliament,1
Underground hackers hides a secret cure for all diseases in secret meeting,0
Indian Army announces digital initiative at the summit,1
Illuminati hides that the Taj Mahal is a spaceship according to a viral message,0
ISRO signs digital initiative in Bangalore,1
DRDO proposes defense strategy for the nation,1
Supreme Court approves healthcare scheme in New Delhi,1
Reliance Industries launches defense strategy at the summit,1
Illuminati secretly bans gold reserves found under the Red Fort on the dark web,0
Delhi Government implements defense strategy in Bangalore,1
Rahul Gandhi approves digital initiative for the nation,1
NASA declares free laptops for everyone who forwards this message in shocking revelation,0
UNESCO controls that the Taj Mahal is a spaceship in a deleted tweet,0
NASA confirms that the Taj Mahal is a spaceship on the dark web,0
Time travelers confirms a new virus spreading through audio messages in a deleted tweet,0
Ministry of Finance develops new policy in New Delhi,1
SBI announces healthcare scheme in parliament,1
SBI signs space mission in New Delhi,1
Niti Aayog launches digital initiative across India,1
Delhi Government announces tax reduction in Bangalore,1
UNESCO destroys that the Taj Mahal is a spaceship according to a viral message,0
Illuminati confirms a new virus spreading through audio messages on the dark web,0
Delhi Government inaugurates new Vande Bharat express in Chennai,1
Niti Aayog announces economic reform in parliament,1
Illuminati hides gold reserves found under the Red Fort according to a viral message,0
NASA declares gold reserves found under the Red Fort in a deleted tweet,0
NASA secretly bans that the Taj Mahal is a spaceship in hidden documents,0
ISRO proposes healthcare scheme at the summit,1
Ministry of Finance approves digital initiative across India,1
Fake doctors leaks that the Taj Mahal is a spaceship in secret meeting,0
Tata Motors signs new policy in Mumbai,1
Anonymous source declares that India is the best country in shocking revelation,0
Indian Army approves digital initiative in Mumbai,1
Time travelers hides that the Taj Mahal is a spaceship on the dark web,0
ISRO develops budget allocation for the nation,1
Reliance Industries approves infrastructure project in Chennai,1
Fake doctors controls a new virus spreading through audio messages in shocking revelation,0
Supreme Court implements new Vande Bharat express in Gujarat,1
UNESCO leaks that India is the best country in secret meeting,0
Delhi Government reviews new policy in Chennai,1
Ministry of Finance implements new policy in Chennai,1
Fake doctors replaces that the earth is flat according to a viral message,0
Anonymous source declares that the Taj Mahal is a spaceship according to a viral message,0
UNESCO discovers that the earth is flat in a deleted tweet,0
Fake doctors hides mind control microchips in vaccines by tomorrow morning,0
Viral forward controls a new virus spreading through audio messages in a deleted tweet,0
Secret society discovers that the Taj Mahal is a spaceship by tomorrow morning,0
NASA controls a secret cure for all diseases according to a viral message,0
Fake doctors declares gold reserves found under the Red Fort by tomorrow morning,0
Anonymous source declares a new virus spreading through audio messages in shocking revelation,0
Secret society replaces mind control microchips in vaccines in hidden documents,0
Fake doctors controls that the earth is flat in hidden documents,0
Ministry of Finance implements digital initiative in Mumbai,1
Election Commission develops new policy in Gujarat,1
RBI launches infrastructure project in Mumbai,1
Secret society controls mind control microchips in vaccines in a deleted tweet,0
Secret society replaces that India is the best country in shocking revelation,0
Secret society destroys gold reserves found under the Red Fort in a deleted tweet,0
Viral forward discovers a secret cure for all diseases in hidden documents,0
RBI implements space mission in Gujarat,1
Rahul Gandhi signs defense strategy in Gujarat,1
Niti Aayog reviews new policy in Gujarat,1
PM Modi inaugurates new Vande Bharat express at the summit,1
PM Modi launches tax reduction in New Delhi,1
RBI inaugurates healthcare scheme in parliament,1
Supreme Court inaugurates digital initiative in parliament,1
Time travelers hides a new virus spreading through audio messages in hidden documents,0
Indian Army develops infrastructure project in parliament,1
Secret society replaces that India is the best country in hidden documents,0
Foreign spies discovers a new virus spreading through audio messages by tomorrow morning,0
Secret society replaces all 500 rupee notes will be banned tomorrow according to a viral message,0
Indian Railways announces space mission in Gujarat,1
UNESCO destroys all 500 rupee notes will be banned tomorrow according to a viral message,0
RBI approves digital initiative across India,1
DRDO proposes defense strategy in Chennai,1
Ministry of Finance reviews economic reform in Mumbai,1
Tata Motors approves healthcare scheme in New Delhi,1
NASA destroys gold reserves found under the Red Fort in secret meeting,0
NASA replaces gold reserves found under the Red Fort in a deleted tweet,0
Rahul Gandhi proposes budget allocation in Chennai,1
SBI launches space mission in parliament,1
Reliance Industries reviews new policy at the summit,1
ISRO reviews new Vande Bharat express in New Delhi,1
Election Commission approves tax reduction for the nation,1
NASA declares a secret cure for all diseases in a deleted tweet,0
Indian Railways proposes healthcare scheme across India,1
Election Commission signs economic reform at the summit,1
DRDO announces space mission in Bangalore,1
Time travelers hides a secret cure for all diseases in shocking revelation,0
Reliance Industries reviews infrastructure project in Chennai,1
Secret society hides gold reserves found under the Red Fort in secret meeting,0
Viral forward controls that India is the best country in secret meeting,0
Viral forward replaces free laptops for everyone who forwards this message in hidden documents,0
DRDO inaugurates tax reduction in Gujarat,1
DRDO inaugurates healthcare scheme at the summit,1
Fake doctors replaces free laptops for everyone who forwards this message in secret meeting,0
RBI reviews economic reform in Gujarat,1
PM Modi launches economic reform at the summit,1
Ministry of Finance implements budget allocation in parliament,1
Underground hackers confirms free laptops for everyone who forwards this message in a deleted tweet,0
Indian Army signs budget allocation in Chennai,1
Niti Aayog launches space mission across India,1
Secret society secretly bans that the earth is flat according to a viral message,0
Secret society secretly bans mind control microchips in vaccines in hidden documents,0
Time travelers destroys free laptops for everyone who forwards this message in secret meeting,0
Reliance Industries signs space mission across India,1
Indian Railways announces digital initiative in parliament,1
Viral forward replaces a new virus spreading through audio messages in secret meeting,0
Supreme Court reviews defense strategy for the nation,1
Viral forward secretly bans that India is the best country in hidden documents,0
Indian Railways launches economic reform in parliament,1
UNESCO controls that the Taj Mahal is a spaceship in hidden documents,0
Reliance Industries announces economic reform in Gujarat,1
Reliance Industries announces digital initiative in Mumbai,1
BCCI approves space mission in Gujarat,1
ISRO signs defense strategy at the summit,1
Illuminati secretly bans a secret cure for all diseases in secret meeting,0
DRDO signs healthcare scheme at the summit,1
WhatsApp CEO declares gold reserves found under the Red Fort on the dark web,0
ISRO reviews space mission for the nation,1
UNESCO hides that the Taj Mahal is a spaceship in shocking revelation,0
UNESCO destroys that India is the best country in hidden documents,0
Viral forward destroys gold reserves found under the Red Fort by tomorrow morning,0
Anonymous source replaces that the Taj Mahal is a spaceship according to a viral message,0
WhatsApp CEO secretly bans that the earth is flat in a deleted tweet,0
Indian Railways proposes tax reduction in New Delhi,1
Fake doctors discovers all 500 rupee notes will be banned tomorrow in shocking revelation,0
WhatsApp CEO secretly bans gold reserves found under the Red Fort in secret meeting,0
Illuminati discovers gold reserves found under the Red Fort in secret meeting,0
BCCI inaugurates economic reform in Chennai,1
DRDO announces economic reform in Chennai,1
Anonymous source discovers that India is the best country by tomorrow morning,0
Rahul Gandhi launches digital initiative in New Delhi,1
WhatsApp CEO controls all 500 rupee notes will be banned tomorrow in shocking revelation,0
Time travelers destroys a secret cure for all diseases according to a viral message,0
SBI develops digital initiative for the nation,1
Indian Army signs defense strategy in Gujarat,1
Underground hackers destroys that the earth is flat in hidden documents,0
WhatsApp CEO secretly bans that India is the best country by tomorrow morning,0
Underground hackers controls gold reserves found under the Red Fort in shocking revelation,0
Tata Motors reviews new Vande Bharat express across India,1
Anonymous source controls a new virus spreading through audio messages by tomorrow morning,0
Fake doctors declares all 500 rupee notes will be banned tomorrow according to a viral message,0
Secret society discovers a secret cure for all diseases in secret meeting,0
PM Modi approves tax reduction at the summit,1
Fake doctors confirms all 500 rupee notes will be banned tomorrow according to a viral message,0
Supreme Court proposes digital initiative for the nation,1
UNESCO leaks all 500 rupee notes will be banned tomorrow in shocking revelation,0
Fake doctors declares mind control microchips in vaccines on the dark web,0
Illuminati secretly bans that the earth is flat in hidden documents,0
Time travelers declares mind control microchips in vaccines by tomorrow morning,0
Anonymous source destroys that the Taj Mahal is a spaceship in a deleted tweet,0
BCCI approves space mission in New Delhi,1
UNESCO declares that the Taj Mahal is a spaceship by tomorrow morning,0
Ministry of Finance announces space mission at the summit,1
Ministry of Finance inaugurates infrastructure project at the summit,1
Supreme Court launches tax reduction for the nation,1
SBI inaugurates budget allocation in Gujarat,1
NASA declares gold reserves found under the Red Fort on the dark web,0
Reliance Industries signs new Vande Bharat express at the summit,1
Ministry of Finance implements defense strategy in parliament,1
Indian Army inaugurates new policy in Gujarat,1
WhatsApp CEO replaces a new virus spreading through audio messages according to a viral message,0
Reliance Industries reviews economic reform at the summit,1
UNESCO secretly bans that the Taj Mahal is a spaceship in secret meeting,0
Election Commission signs tax reduction in Bangalore,1
Indian Railways announces economic reform in Gujarat,1
Tata Motors proposes infrastructure project in New Delhi,1
Rahul Gandhi implements defense strategy in New Delhi,1
Time travelers controls that India is the best country in hidden documents,0
Illuminati controls a secret cure for all diseases on the dark web,0
UNESCO replaces a secret cure for all diseases according to a viral message,0
WhatsApp CEO confirms mind control microchips in vaccines according to a viral message,0
UNESCO replaces all 500 rupee notes will be banned tomorrow according to a viral message,0
Viral forward replaces a new virus spreading through audio messages according to a viral message,0
Viral forward confirms a new virus spreading through audio messages on the dark web,0
Tata Motors announces digital initiative in Gujarat,1
Underground hackers discovers mind control microchips in vaccines in hidden documents,0
RBI announces digital initiative for the nation,1
Time travelers leaks a new virus spreading through audio messages on the dark web,0
SBI proposes defense strategy in Bangalore,1
Fake doctors declares that India is the best country in secret meeting,0
WhatsApp CEO confirms that India is the best country in secret meeting,0
Tata Motors announces digital initiative in Chennai,1
Election Commission signs space mission in parliament,1
Election Commission develops infrastructure project in Bangalore,1
Fake doctors discovers gold reserves found under the Red Fort in secret meeting,0
Indian Railways reviews new Vande Bharat express in parliament,1
Rahul Gandhi inaugurates economic reform across India,1
SBI launches digital initiative for the nation,1
Fake doctors replaces gold reserves found under the Red Fort by tomorrow morning,0
Ministry of Finance launches new Vande Bharat express in New Delhi,1
PM Modi proposes new policy across India,1
Anonymous source discovers free laptops for everyone who forwards this message in hidden documents,0
Supreme Court signs economic reform in New Delhi,1
Foreign spies hides mind control microchips in vaccines in a deleted tweet,0
Rahul Gandhi announces healthcare scheme for the nation,1
Delhi Government develops infrastructure project for the nation,1
Foreign spies secretly bans all 500 rupee notes will be banned tomorrow on the dark web,0
Foreign spies replaces a new virus spreading through audio messages in shocking revelation,0
DRDO approves digital initiative in Mumbai,1
Indian Army reviews economic reform for the nation,1
Time travelers hides that India is the best country in secret meeting,0
Fake doctors leaks free laptops for everyone who forwards this message on the dark web,0
Secret society destroys gold reserves found under the Red Fort according to a viral message,0
Tata Motors proposes tax reduction in New Delhi,1
Time travelers hides all 500 rupee notes will be banned tomorrow in hidden documents,0
DRDO announces economic reform in Mumbai,1
BCCI announces tax reduction in parliament,1
Illuminati replaces that India is the best country in secret meeting,0
Fake doctors controls all 500 rupee notes will be banned tomorrow by tomorrow morning,0
Tata Motors signs defense strategy in parliament,1
Indian Railways inaugurates space mission in Gujarat,1
Viral forward hides that the Taj Mahal is a spaceship by tomorrow morning,0
Delhi Government implements budget allocation for the nation,1
UNESCO confirms a new virus spreading through audio messages by tomorrow morning,0
UNESCO controls free laptops for everyone who forwards this message according to a viral message,0
NASA destroys a new virus spreading through audio messages on the dark web,0
UNESCO declares a new virus spreading through audio messages by tomorrow morning,0
Underground hackers controls that the earth is flat in secret meeting,0
Reliance Industries implements infrastructure project in Chennai,1
Viral forward leaks a new virus spreading through audio messages in hidden documents,0
UNESCO leaks that the Taj Mahal is a spaceship in secret meeting,0
Tata Motors announces defense strategy in Mumbai,1
Delhi Government announces tax reduction in Mumbai,1
Viral forward hides free laptops for everyone who forwards this message in hidden documents,0
Anonymous source discovers a new virus spreading through audio messages in hidden documents,0
Illuminati hides gold reserves found under the Red Fort in hidden documents,0
Indian Army announces new policy in parliament,1
Fake doctors replaces a secret cure for all diseases in a deleted tweet,0
Time travelers destroys that the earth is flat in secret meeting,0
PM Modi develops new Vande Bharat express in Bangalore,1
Fake doctors controls a secret cure for all diseases in hidden documents,0
Reliance Industries signs infrastructure project across India,1
Fake doctors hides free laptops for everyone who forwards this message in hidden documents,0
Foreign spies replaces gold reserves found under the Red Fort in secret meeting,0
PM Modi implements digital initiative at the summit,1
UNESCO discovers a new virus spreading through audio messages in a deleted tweet,0
Underground hackers controls that India is the best country in a deleted tweet,0
Foreign spies declares free laptops for everyone who forwards this message in a deleted tweet,0
Foreign spies leaks a new virus spreading through audio messages in hidden documents,0
Viral forward controls that the Taj Mahal is a spaceship according to a viral message,0
Niti Aayog implements space mission in Chennai,1
Rahul Gandhi reviews space mission in Chennai,1
Time travelers discovers mind control microchips in vaccines in a deleted tweet,0
Niti Aayog announces space mission for the nation,1
Time travelers declares that India is the best country on the dark web,0
NASA declares gold reserves found under the Red Fort in hidden documents,0
Underground hackers destroys all 500 rupee notes will be banned tomorrow in hidden documents,0
WhatsApp CEO discovers a secret cure for all diseases in a deleted tweet,0
Reliance Industries proposes budget allocation across India,1
UNESCO leaks that the earth is flat by tomorrow morning,0
NASA controls a new virus spreading through audio messages in shocking revelation,0
ISRO launches economic reform in parliament,1
BCCI approves new policy at the summit,1
Illuminati confirms free laptops for everyone who forwards this message on the dark web,0
ISRO inaugurates space mission in Mumbai,1
PM Modi reviews economic reform across India,1
Foreign spies leaks gold reserves found under the Red Fort in shocking revelation,0
Underground hackers hides all 500 rupee notes will be banned tomorrow according to a viral message,0
Supreme Court reviews economic reform in Gujarat,1
Supreme Court inaugurates digital initiative in Bangalore,1
ISRO develops digital initiative across India,1
NASA discovers free laptops for everyone who forwards this message by tomorrow morning,0
Rahul Gandhi launches new Vande Bharat express in Mumbai,1
Time travelers controls that the Taj Mahal is a spaceship in secret meeting,0
Viral forward confirms a new virus spreading through audio messages in secret meeting,0
Underground hackers discovers free laptops for everyone who forwards this message in hidden documents,0
Time travelers replaces that the earth is flat by tomorrow morning,0
BCCI approves digital initiative in New Delhi,1
Niti Aayog implements tax reduction at the summit,1
Viral forward hides free laptops for everyone who forwards this message according to a viral message,0
Viral forward destroys that the earth is flat by tomorrow morning,0
Foreign spies destroys a new virus spreading through audio messages in secret meeting,0
Illuminati confirms that India is the best country according to a viral message,0
Supreme Court implements tax reduction in Bangalore,1
NASA confirms that the earth is flat in secret meeting,0
Ministry of Finance announces infrastructure project for the nation,1
Foreign spies destroys a secret cure for all diseases according to a viral message,0
Secret society hides free laptops for everyone who forwards this message in shocking revelation,0
Time travelers discovers mind control microchips in vaccines according to a viral message,0
Secret society controls all 500 rupee notes will be banned tomorrow in secret meeting,0
Reliance Industries launches economic reform in parliament,1
Tata Motors develops digital initiative for the nation,1
Foreign spies confirms that the Taj Mahal is a spaceship on the dark web,0
WhatsApp CEO replaces free laptops for everyone who forwards this message in a deleted tweet,0
Niti Aayog signs digital initiative in Chennai,1
Rahul Gandhi inaugurates healthcare scheme in parliament,1
Anonymous source replaces mind control microchips in vaccines in shocking revelation,0
Delhi Government implements tax reduction in Gujarat,1
NASA hides gold reserves found under the Red Fort by tomorrow morning,0
Niti Aayog develops new policy across India,1
UNESCO secretly bans a secret cure for all diseases according to a viral message,0
NASA leaks free laptops for everyone who forwards this message in shocking revelation,0
Delhi Government proposes new Vande Bharat express in Gujarat,1
Election Commission reviews healthcare scheme in Chennai,1
Anonymous source secretly bans all 500 rupee notes will be banned tomorrow in shocking revelation,0
Reliance Industries reviews budget allocation in parliament,1
Indian Railways reviews economic reform across India,1
Time travelers declares free laptops for everyone who forwards this message by tomorrow morning,0
Anonymous source declares that the Taj Mahal is a spaceship by tomorrow morning,0
NASA discovers all 500 rupee notes will be banned tomorrow in secret meeting,0
Niti Aayog launches budget allocation in Bangalore,1
Foreign spies leaks a new virus spreading through audio messages in shocking revelation,0
Viral forward controls mind control microchips in vaccines in shocking revelation,0
Indian Army reviews new Vande Bharat express at the summit,1
Supreme Court announces healthcare scheme across India,1
Rahul Gandhi proposes economic reform at the summit,1
Anonymous source controls that the Taj Mahal is a spaceship in shocking revelation,0
Anonymous source secretly bans mind control microchips in vaccines on the dark web,0
Anonymous source destroys free laptops for everyone who forwards this message by tomorrow morning,0
Indian Army announces defense strategy in Mumbai,1
Viral forward replaces a secret cure for all diseases in secret meeting,0
Illuminati leaks that the earth is flat in secret meeting,0
Secret society secretly bans free laptops for everyone who forwards this message in shocking revelation,0
Time travelers hides a secret cure for all diseases according to a viral message,0
Viral forward confirms that the Taj Mahal is a spaceship by tomorrow morning,0
NASA secretly bans that the Taj Mahal is a spaceship in secret meeting,0
Indian Army announces new Vande Bharat express in Gujarat,1
Time travelers leaks free laptops for everyone who forwards this message according to a viral message,0
Underground hackers replaces a new virus spreading through audio messages in a deleted tweet,0
Tata Motors announces defense strategy in Gujarat,1
Election Commission signs digital initiative for the nation,1
Ministry of Finance implements new Vande Bharat express in Mumbai,1
Illuminati controls free laptops for everyone who forwards this message in a deleted tweet,0
Foreign spies leaks mind control microchips in vaccines in secret meeting,0
Underground hackers confirms gold reserves found under the Red Fort in hidden documents,0
UNESCO discovers a secret cure for all diseases in secret meeting,0
Niti Aayog implements infrastructure project in Bangalore,1
Viral forward replaces that India is the best country on the dark web,0
RBI announces infrastructure project across India,1
Delhi Government reviews space mission in Bangalore,1
PM Modi reviews tax reduction in Chennai,1
Indian Army inaugurates tax reduction in Gujarat,1
PM Modi inaugurates space mission in Mumbai,1
Indian Army inaugurates budget allocation in Bangalore,1
UNESCO declares gold reserves found under the Red Fort in secret meeting,0
RBI inaugurates tax reduction for the nation,1
Niti Aayog implements new Vande Bharat express at the summit,1
Fake doctors hides a secret cure for all diseases in hidden documents,0
UNESCO confirms that India is the best country in hidden documents,0
Indian Army announces budget allocation in New Delhi,1
Ministry of Finance reviews budget allocation in parliament,1
UNESCO hides that India is the best country on the dark web,0
Fake doctors declares that India is the best country according to a viral message,0
SBI launches tax reduction for the nation,1
Time travelers leaks mind control microchips in vaccines according to a viral message,0
Fake doctors leaks mind control microchips in vaccines in hidden documents,0
UNESCO declares mind control microchips in vaccines by tomorrow morning,0
Tata Motors proposes healthcare scheme in Gujarat,1
DRDO implements new policy in Chennai,1
RBI signs new policy across India,1
Time travelers replaces that the Taj Mahal is a spaceship according to a viral message,0
Time travelers leaks that the earth is flat by tomorrow morning,0
Anonymous source secretly bans all 500 rupee notes will be banned tomorrow by tomorrow morning,0
Delhi Government signs space mission at the summit,1
WhatsApp CEO secretly bans that the Taj Mahal is a spaceship in secret meeting,0
BCCI inaugurates budget allocation across India,1
BCCI develops tax reduction across India,1
Underground hackers controls gold reserves found under the Red Fort in secret meeting,0
Tata Motors develops defense strategy across India,1
Anonymous source secretly bans that the earth is flat by tomorrow morning,0
UNESCO secretly bans mind control microchips in vaccines by tomorrow morning,0
Time travelers declares a new virus spreading through audio messages in secret meeting,0
Indian Railways announces defense strategy in Chennai,1
BCCI proposes new policy in Mumbai,1
Anonymous source leaks gold reserves found under the Red Fort in secret meeting,0
DRDO launches infrastructure project in Mumbai,1
DRDO approves defense strategy at the summit,1
UNESCO declares that the earth is flat in hidden documents,0
Secret society hides a secret cure for all diseases in a deleted tweet,0
Illuminati replaces a secret cure for all diseases in hidden documents,0
SBI implements economic reform in Bangalore,1
Anonymous source replaces a new virus spreading through audio messages in shocking revelation,0
WhatsApp CEO secretly bans gold reserves found under the Red Fort in shocking revelation,0
NASA leaks a secret cure for all diseases on the dark web,0
Supreme Court launches healthcare scheme in Gujarat,1
PM Modi implements new policy in Chennai,1
Delhi Government inaugurates new policy in Gujarat,1
BCCI approves tax reduction for the nation,1
UNESCO discovers that the Taj Mahal is a spaceship according to a viral message,0
Fake doctors secretly bans a secret cure for all diseases in secret meeting,0
Underground hackers hides that the earth is flat in a deleted tweet,0
SBI announces space mission in parliament,1
NASA hides free laptops for everyone who forwards this message in shocking revelation,0
Reliance Industries approves new Vande Bharat express in Gujarat,1
Underground hackers hides a secret cure for all diseases in hidden documents,0
Indian Army reviews defense strategy in parliament,1
Secret society confirms that the earth is flat in a deleted tweet,0
ISRO inaugurates infrastructure project in Gujarat,1
Illuminati destroys a secret cure for all diseases in a deleted tweet,0
Secret society secretly bans a secret cure for all diseases according to a viral message,0
Viral forward destroys a secret cure for all diseases on the dark web,0
Underground hackers secretly bans that the earth is flat in secret meeting,0
Supreme Court proposes new policy in Mumbai,1
Indian Railways develops new policy for the nation,1
Delhi Government inaugurates digital initiative in Gujarat,1
Reliance Industries develops infrastructure project for the nation,1
Delhi Government approves healthcare scheme in Bangalore,1
NASA destroys free laptops for everyone who forwards this message by tomorrow morning,0
Fake doctors controls that the earth is flat in a deleted tweet,0
Foreign spies discovers all 500 rupee notes will be banned tomorrow in hidden documents,0
Underground hackers controls a new virus spreading through audio messages on the dark web,0
SBI announces new policy for the nation,1
Supreme Court develops new Vande Bharat express at the summit,1
Supreme Court announces space mission in Bangalore,1
Rahul Gandhi implements new policy in Bangalore,1
Election Commission proposes new policy at the summit,1
Illuminati discovers free laptops for everyone who forwards this message by tomorrow morning,0
Indian Army launches new Vande Bharat express in Bangalore,1
Underground hackers replaces gold reserves found under the Red Fort on the dark web,0
Supreme Court implements tax reduction across India,1
Secret society discovers free laptops for everyone who forwards this message in shocking revelation,0
Illuminati destroys a new virus spreading through audio messages on the dark web,0
Election Commission signs tax reduction in Chennai,1
Fake doctors declares a new virus spreading through audio messages on the dark web,0
WhatsApp CEO destroys that the Taj Mahal is a spaceship in a deleted tweet,0
Tata Motors announces infrastructure project in Bangalore,1
Time travelers leaks that the Taj Mahal is a spaceship in hidden documents,0
Rahul Gandhi reviews new Vande Bharat express at the summit,1
Indian Railways launches economic reform at the summit,1
PM Modi signs tax reduction in Chennai,1
UNESCO replaces gold reserves found under the Red Fort in shocking revelation,0
Fake doctors declares that the earth is flat in a deleted tweet,0
Niti Aayog reviews infrastructure project in parliament,1
UNESCO secretly bans mind control microchips in vaccines according to a viral message,0
Illuminati replaces gold reserves found under the Red Fort according to a viral message,0
Ministry of Finance develops space mission in Bangalore,1
Delhi Government signs healthcare scheme in Bangalore,1
Illuminati secretly bans that the earth is flat on the dark web,0
Indian Army inaugurates defense strategy in Bangalore,1
RBI launches space mission across India,1
Foreign spies destroys free laptops for everyone who forwards this message in shocking revelation,0
Supreme Court approves tax reduction in Bangalore,1
Indian Railways develops digital initiative at the summit,1
Illuminati discovers that the Taj Mahal is a spaceship by tomorrow morning,0
Illuminati declares that the Taj Mahal is a spaceship in a deleted tweet,0
Tata Motors implements defense strategy across India,1
Fake doctors destroys gold reserves found under the Red Fort in shocking revelation,0
NASA confirms free laptops for everyone who forwards this message by tomorrow morning,0
Time travelers replaces gold reserves found under the Red Fort in hidden documents,0
Illuminati leaks that the Taj Mahal is a spaceship in secret meeting,0
UNESCO controls a secret cure for all diseases on the dark web,0
Tata Motors announces new policy in parliament,1
Tata Motors reviews tax reduction in Gujarat,1
Time travelers replaces a secret cure for all diseases by tomorrow morning,0
RBI develops digital initiative in New Delhi,1
Anonymous source replaces mind control microchips in vaccines in hidden documents,0
Delhi Government reviews budget allocation in New Delhi,1
Fake doctors confirms that India is the best country in secret meeting,0
Delhi Government implements infrastructure project in parliament,1
Anonymous source confirms that India is the best country in a deleted tweet,0
Secret society declares that India is the best country by tomorrow morning,0
Anonymous source controls all 500 rupee notes will be banned tomorrow by tomorrow morning,0
Foreign spies destroys mind control microchips in vaccines in hidden documents,0
Time travelers declares all 500 rupee notes will be banned tomorrow in shocking revelation,0
NASA confirms mind control microchips in vaccines in hidden documents,0
Tata Motors announces new Vande Bharat express in Bangalore,1
ISRO develops healthcare scheme in Gujarat,1
Foreign spies secretly bans that the earth is flat in a deleted tweet,0
Foreign spies secretly bans all 500 rupee notes will be banned tomorrow according to a viral message,0
Ministry of Finance develops new policy at the summit,1
Illuminati destroys that India is the best country on the dark web,0
UNESCO leaks that India is the best country in shocking revelation,0
Rahul Gandhi approves healthcare scheme in New Delhi,1
ISRO reviews defense strategy in Bangalore,1
UNESCO declares that the earth is flat on the dark web,0
Time travelers controls free laptops for everyone who forwards this message in shocking revelation,0
Time travelers secretly bans that the Taj Mahal is a spaceship in hidden documents,0
Election Commission announces healthcare scheme for the nation,1
Anonymous source leaks that India is the best country according to a viral message,0
WhatsApp CEO leaks that the earth is flat by tomorrow morning,0
Niti Aayog approves defense strategy in Gujarat,1
Delhi Government develops new Vande Bharat express for the nation,1
Election Commission implements budget allocation in Gujarat,1
Time travelers destroys a new virus spreading through audio messages on the dark web,0
Indian Railways implements defense strategy at the summit,1
Anonymous source destroys mind control microchips in vaccines by tomorrow morning,0
UNESCO leaks that the Taj Mahal is a spaceship according to a viral message,0
Underground hackers secretly bans free laptops for everyone who forwards this message in secret meeting,0
Fake doctors replaces free laptops for everyone who forwards this message on the dark web,0
PM Modi develops economic reform at the summit,1
UNESCO declares mind control microchips in vaccines on the dark web,0
Underground hackers confirms that the Taj Mahal is a spaceship by tomorrow morning,0
Delhi Government signs infrastructure project for the nation,1
Rahul Gandhi launches tax reduction in Mumbai,1
WhatsApp CEO secretly bans mind control microchips in vaccines by tomorrow morning,0
Underground hackers declares free laptops for everyone who forwards this message by tomorrow morning,0
Reliance Industries develops defense strategy in Chennai,1
WhatsApp CEO controls a new virus spreading through audio messages in hidden documents,0
Underground hackers replaces a secret cure for all diseases in hidden documents,0
Tata Motors approves new policy across India,1
Tata Motors inaugurates infrastructure project for the nation,1
Viral forward leaks all 500 rupee notes will be banned tomorrow in secret meeting,0
PM Modi implements budget allocation in Gujarat,1
PM Modi proposes defense strategy in parliament,1
ISRO launches budget allocation in Mumbai,1
Anonymous source controls that the Taj Mahal is a spaceship according to a viral message,0
Illuminati replaces free laptops for everyone who forwards this message in hidden documents,0
Rahul Gandhi implements healthcare scheme in parliament,1
Election Commission approves new policy across India,1
SBI proposes infrastructure project in Gujarat,1
UNESCO destroys mind control microchips in vaccines in secret meeting,0
Reliance Industries develops defense strategy in Gujarat,1
Election Commission implements budget allocation across India,1
WhatsApp CEO replaces that the Taj Mahal is a spaceship according to a viral message,0
Fake doctors discovers free laptops for everyone who forwards this message in hidden documents,0
Anonymous source controls gold reserves found under the Red Fort in shocking revelation,0
Indian Railways approves tax reduction in Bangalore,1
Viral forward secretly bans free laptops for everyone who forwards this message on the dark web,0
PM Modi announces new policy across India,1
Time travelers destroys free laptops for everyone who forwards this message in hidden documents,0
Indian Railways implements budget allocation in Gujarat,1
SBI inaugurates defense strategy in New Delhi,1
Illuminati confirms mind control microchips in vaccines on the dark web,0
PM Modi signs infrastructure project in Gujarat,1
WhatsApp CEO discovers mind control microchips in vaccines in shocking revelation,0
Ministry of Finance develops tax reduction in parliament,1
Secret society secretly bans a new virus spreading through audio messages in a deleted tweet,0
Fake doctors declares a new virus spreading through audio messages in a deleted tweet,0
Secret society leaks all 500 rupee notes will be banned tomorrow in shocking revelation,0
PM Modi announces infrastructure project in New Delhi,1
Time travelers replaces gold reserves found under the Red Fort on the dark web,0
PM Modi launches space mission at the summit,1
Illuminati hides that the earth is flat by tomorrow morning,0
Indian Railways inaugurates healthcare scheme in New Delhi,1
Illuminati declares mind control microchips in vaccines in a deleted tweet,0
Supreme Court develops infrastructure project in Mumbai,1
Illuminati discovers a secret cure for all diseases in shocking revelation,0
WhatsApp CEO destroys mind control microchips in vaccines on the dark web,0
Indian Railways reviews defense strategy for the nation,1
Delhi Government implements budget allocation in Mumbai,1
Underground hackers declares mind control microchips in vaccines on the dark web,0
Illuminati confirms mind control microchips in vaccines in a deleted tweet,0
NASA replaces mind control microchips in vaccines in hidden documents,0
Rahul Gandhi announces space mission in Gujarat,1
WhatsApp CEO controls mind control microchips in vaccines in hidden documents,0
Underground hackers hides that the earth is flat in secret meeting,0
Reliance Industries announces budget allocation at the summit,1
Anonymous source discovers that the earth is flat according to a viral message,0
Niti Aayog proposes new Vande Bharat express at the summit,1
Foreign spies controls gold reserves found under the Red Fort in a deleted tweet,0
Underground hackers discovers mind control microchips in vaccines in shocking revelation,0
Underground hackers leaks that the Taj Mahal is a spaceship in hidden documents,0
Viral forward declares mind control microchips in vaccines in hidden documents,0
Anonymous source replaces a secret cure for all diseases in hidden documents,0
Rahul Gandhi proposes budget allocation across India,1
Reliance Industries launches digital initiative in New Delhi,1
Secret society confirms that the earth is flat on the dark web,0
Viral forward destroys gold reserves found under the Red Fort in secret meeting,0
Time travelers discovers a new virus spreading through audio messages in shocking revelation,0
Fake doctors declares free laptops for everyone who forwards this message by tomorrow morning,0
Supreme Court reviews budget allocation in New Delhi,1
Election Commission proposes defense strategy at the summit,1
NASA controls gold reserves found under the Red Fort in secret meeting,0
Anonymous source confirms a secret cure for all diseases by tomorrow morning,0
SBI launches digital initiative in Gujarat,1
Rahul Gandhi proposes new Vande Bharat express in Chennai,1
Foreign spies confirms that the earth is flat in hidden documents,0
ISRO inaugurates budget allocation in Gujarat,1
Indian Railways inaugurates space mission for the nation,1
Ministry of Finance approves space mission in parliament,1
Fake doctors hides a secret cure for all diseases according to a viral message,0
Illuminati secretly bans that the Taj Mahal is a spaceship according to a viral message,0
Viral forward secretly bans that the earth is flat in secret meeting,0
Underground hackers leaks mind control microchips in vaccines in secret meeting,0
Fake doctors declares all 500 rupee notes will be banned tomorrow in hidden documents,0
ISRO inaugurates infrastructure project for the nation,1
Viral forward leaks a secret cure for all diseases in hidden documents,0
Anonymous source hides a secret cure for all diseases in secret meeting,0
WhatsApp CEO hides free laptops for everyone who forwards this message in a deleted tweet,0
Underground hackers destroys that India is the best country on the dark web,0
Indian Railways proposes healthcare scheme in Mumbai,1
RBI inaugurates infrastructure project in Gujarat,1
Viral forward replaces mind control microchips in vaccines in hidden documents,0
Time travelers secretly bans gold reserves found under the Red Fort according to a viral message,0
Indian Railways approves economic reform in Gujarat,1
Indian Army implements digital initiative in Mumbai,1
Anonymous source secretly bans a secret cure for all diseases by tomorrow morning,0
PM Modi develops new policy in Chennai,1
Illuminati declares a new virus spreading through audio messages in hidden documents,0
DRDO approves tax reduction in Gujarat,1
Indian Army develops new Vande Bharat express in parliament,1
PM Modi inaugurates healthcare scheme in parliament,1
Secret society destroys a secret cure for all diseases in hidden documents,0
RBI reviews infrastructure project across India,1
Viral forward leaks that the earth is flat in shocking revelation,0
Tata Motors approves healthcare scheme in Chennai,1
Election Commission approves new Vande Bharat express in Chennai,1
Underground hackers hides gold reserves found under the Red Fort in a deleted tweet,0
Fake doctors destroys that India is the best country in secret meeting,0
Indian Army develops tax reduction in parliament,1
WhatsApp CEO controls mind control microchips in vaccines in secret meeting,0
Viral forward controls that India is the best country on the dark web,0
Tata Motors announces tax reduction for the nation,1
Time travelers discovers that India is the best country in secret meeting,0
DRDO launches defense strategy for the nation,1
Secret society confirms all 500 rupee notes will be banned tomorrow by tomorrow morning,0
Underground hackers destroys that the Taj Mahal is a spaceship in shocking revelation,0
Illuminati secretly bans mind control microchips in vaccines in secret meeting,0
SBI proposes tax reduction in parliament,1
Anonymous source destroys that India is the best country in secret meeting,0
Indian Railways proposes healthcare scheme in Gujarat,1
NASA leaks free laptops for everyone who forwards this message in hidden documents,0
Underground hackers discovers free laptops for everyone who forwards this message by tomorrow morning,0
UNESCO declares gold reserves found under the Red Fort in shocking revelation,0
DRDO reviews space mission in Chennai,1
RBI signs budget allocation in Bangalore,1
WhatsApp CEO hides all 500 rupee notes will be banned tomorrow according to a viral message,0
PM Modi proposes new Vande Bharat express across India,1
Underground hackers declares all 500 rupee notes will be banned tomorrow on the dark web,0
Election Commission reviews healthcare scheme at the summit,1
Secret society discovers free laptops for everyone who forwards this message in secret meeting,0
BCCI inaugurates defense strategy in Mumbai,1
RBI announces digital initiative in Bangalore,1
PM Modi implements budget allocation for the nation,1
Fake doctors discovers all 500 rupee notes will be banned tomorrow in hidden documents,0
Illuminati controls that the Taj Mahal is a spaceship in shocking revelation,0
WhatsApp CEO secretly bans that the Taj Mahal is a spaceship according to a viral message,0
SBI reviews defense strategy at the summit,1
RBI inaugurates defense strategy in Gujarat,1
Delhi Government launches defense strategy in Bangalore,1
ISRO signs new policy in Chennai,1
Election Commission proposes infrastructure project in New Delhi,1
Fake doctors replaces mind control microchips in vaccines in secret meeting,0
NASA controls that the Taj Mahal is a spaceship in a deleted tweet,0
Underground hackers controls a secret cure for all diseases according to a viral message,0
NASA secretly bans all 500 rupee notes will be banned tomorrow in hidden documents,0
Reliance Industries approves tax reduction across India,1
BCCI launches healthcare scheme in parliament,1
Illuminati secretly bans a secret cure for all diseases by tomorrow morning,0
BCCI proposes space mission in Bangalore,1
Fake doctors confirms that the Taj Mahal is a spaceship by tomorrow morning,0
Indian Railways inaugurates economic reform in parliament,1
UNESCO controls that the earth is flat according to a viral message,0
WhatsApp CEO destroys that India is the best country on the dark web,0
Fake doctors hides all 500 rupee notes will be banned tomorrow in shocking revelation,0
Supreme Court announces infrastructure project in Bangalore,1
Fake doctors secretly bans that the Taj Mahal is a spaceship in shocking revelation,0
Foreign spies hides a new virus spreading through audio messages in secret meeting,0
Election Commission announces tax reduction in parliament,1
Tata Motors launches new policy in Chennai,1
Viral forward declares a new virus spreading through audio messages in a deleted tweet,0
RBI signs economic reform for the nation,1
Foreign spies declares all 500 rupee notes will be banned tomorrow in a deleted tweet,0
Tata Motors proposes new policy in Chennai,1
Illuminati declares a new virus spreading through audio messages in secret meeting,0
RBI signs new Vande Bharat express in Bangalore,1
DRDO inaugurates digital initiative in Gujarat,1
UNESCO controls that the earth is flat by tomorrow morning,0
WhatsApp CEO confirms all 500 rupee notes will be banned tomorrow in hidden documents,0
DRDO reviews new Vande Bharat express in Chennai,1
Indian Railways signs budget allocation across India,1
Election Commission implements new policy for the nation,1
Supreme Court develops defense strategy across India,1
Indian Railways proposes space mission in New Delhi,1
Ministry of Finance launches new policy at the summit,1
Anonymous source controls gold reserves found under the Red Fort in secret meeting,0
Election Commission inaugurates budget allocation in Chennai,1
Secret society declares gold reserves found under the Red Fort according to a viral message,0
Secret society hides a secret cure for all diseases in secret meeting,0
WhatsApp CEO destroys that the Taj Mahal is a spaceship according to a viral message,0
Reliance Industries approves new policy in Mumbai,1
Indian Army announces space mission in Gujarat,1
RBI proposes tax reduction in Bangalore,1
Anonymous source leaks that India is the best country in secret meeting,0
Illuminati hides a secret cure for all diseases by tomorrow morning,0
Illuminati leaks a secret cure for all diseases in a deleted tweet,0
Election Commission signs defense strategy in Bangalore,1
RBI launches healthcare scheme at the summit,1
PM Modi develops budget allocation in Chennai,1
Fake doctors controls a secret cure for all diseases in secret meeting,0
Supreme Court announces defense strategy in Bangalore,1
NASA secretly bans that the Taj Mahal is a spaceship on the dark web,0
Indian Railways develops space mission across India,1
Rahul Gandhi reviews economic reform at the summit,1
Anonymous source leaks that the Taj Mahal is a spaceship in a deleted tweet,0
WhatsApp CEO replaces that India is the best country on the dark web,0
Underground hackers replaces a secret cure for all diseases on the dark web,0
UNESCO discovers free laptops for everyone who forwards this message according to a viral message,0
UNESCO secretly bans a new virus spreading through audio messages in secret meeting,0
Reliance Industries inaugurates space mission in Chennai,1
BCCI launches tax reduction at the summit,1
BCCI announces tax reduction in New Delhi,1
PM Modi reviews new Vande Bharat express for the nation,1
BCCI proposes healthcare scheme across India,1
Reliance Industries implements digital initiative in Mumbai,1
Foreign spies secretly bans a secret cure for all diseases in hidden documents,0
Fake doctors declares that the earth is flat on the dark web,0
Underground hackers declares free laptops for everyone who forwards this message in hidden documents,0
Underground hackers leaks gold reserves found under the Red Fort in hidden documents,0
DRDO develops new Vande Bharat express for the nation,1
Time travelers replaces free laptops for everyone who forwards this message on the dark web,0
WhatsApp CEO secretly bans mind control microchips in vaccines in hidden documents,0
Niti Aayog approves new Vande Bharat express for the nation,1
